,Real price,DNN 1,DNN 2,DNN 3,DNN 4,DNN Ensemble,LEAR 56,LEAR 84,LEAR 1092,LEAR 1456,LEAR Ensemble
27/12/2016 00:00,19.113045,19.70612335,19.04068947,19.6619854,18.85736084,19.31653976,20.1291,20.7366,19.106,18.9901,19.74045
27/12/2016 01:00,18.042768,18.57880783,18.62800789,18.58172226,17.80432892,18.39821672,19.5229,19.5459,18.2766,18.4639,18.952325
27/12/2016 02:00,17.587395,17.40571594,17.95407295,17.56400299,16.38747406,17.32781649,19.0085,18.9345,17.4325,17.5918,18.241825
27/12/2016 03:00,17.399361,16.99446106,17.3229332,16.94109535,15.67360973,16.73302484,18.9757,19.2347,17.44,17.5345,18.296225
27/12/2016 04:00,17.804108,18.0005188,18.45264053,17.45717239,15.9206934,17.45775628,19.3679,19.877,18.175,18.1798,18.899925
27/12/2016 05:00,19.129995,20.22802162,20.4401741,19.15852547,18.62302971,19.61243773,21.2564,20.584,19.8149,19.5991,20.3136
27/12/2016 06:00,22.209875,24.20281219,23.29106712,22.37006378,22.65189171,23.1289587,30.5556,30.0478,23.511,23.3025,26.854225
27/12/2016 07:00,24.167822,26.07643127,24.96401596,24.35638809,24.70092773,25.02444077,30.859,33.2934,25.8432,25.5084,28.876
27/12/2016 08:00,24.541495,25.93037224,25.28337097,25.46798706,24.95079231,25.40813065,29.8895,30.1701,26.5383,26.3328,28.232675
27/12/2016 09:00,24.897621,26.75154877,25.79250526,26.74864006,25.07034111,26.0907588,30.2034,30.5597,27.4225,27.086,28.8179
27/12/2016 10:00,25.517258,27.29048157,25.82348633,26.63790894,25.16810799,26.2299962,30.031,30.4527,28.4752,28.1374,29.274075
27/12/2016 11:00,25.745144,26.98875618,25.57136154,26.50663948,25.05679703,26.03088856,28.574,29.0341,28.3429,28.081,28.508
27/12/2016 12:00,25.043219,26.58470535,25.29842377,26.3998909,24.55850029,25.71038008,26.8186,27.233,27.3322,26.6718,27.0139
27/12/2016 13:00,24.648801,26.50397682,24.93467903,26.13279915,23.75251579,25.3309927,26.2332,26.6065,26.7224,26.0429,26.40125
27/12/2016 14:00,24.071662,26.20037651,24.91723061,25.531353,23.51564407,25.04115105,25.5586,25.8365,25.6884,25.1752,25.564675
27/12/2016 15:00,24.321099,26.29768562,24.87570381,25.14746475,23.33312798,24.91349554,25.5853,25.7167,25.7518,25.4673,25.630275
27/12/2016 16:00,25.097976,28.09921265,26.21616745,27.1949501,25.20003891,26.67759228,27.9074,27.3243,27.7477,27.3612,27.58515
27/12/2016 17:00,31.656021,35.05829239,32.24115753,33.39114761,31.15781593,32.96210337,38.0152,37.0358,36.0018,35.6763,36.682275
27/12/2016 18:00,31.89628,32.93193817,30.14231873,31.51395798,30.5783062,31.29163027,35.327,34.7939,32.6576,33.0608,33.959825
27/12/2016 19:00,30.562293,30.90234375,27.85101318,29.09751129,28.3333416,29.04605246,34.2065,33.6156,31.8707,32.1477,32.960125
27/12/2016 20:00,28.289725,28.85091019,27.11442566,28.76926041,28.4518261,28.29660559,32.623,32.6022,31.986,31.8576,32.2672
27/12/2016 21:00,26.197048,26.48240089,25.71270943,26.78199768,26.25041008,26.30687952,28.5701,28.5273,28.6272,29.1085,28.708275
27/12/2016 22:00,24.410039,24.27153397,23.45555496,23.78623962,23.07372856,23.64676428,24.3618,24.7556,24.8992,25.0186,24.7588
27/12/2016 23:00,22.957938,22.61918831,21.29916382,22.00375366,21.10850525,21.75765276,21.9919,22.7229,22.5305,22.7548,22.500025
28/12/2016 00:00,21.699597,22.2600441,22.12225151,22.11274147,22.42737007,22.23060179,21.1114,21.2841,21.9406,21.8735,21.5524
28/12/2016 01:00,21.017041,21.35273743,21.52560043,21.08987999,21.97784042,21.48651457,20.5092,20.2977,21.3919,21.5596,20.9396
28/12/2016 02:00,20.791978,20.79671097,20.95110893,20.66127777,21.86327171,21.06809235,19.8174,19.3538,21.3097,21.0948,20.393925
28/12/2016 03:00,20.729475,20.51202011,20.69791985,20.51343155,21.88045311,20.90095615,19.1216,19.5261,21.3272,21.049,20.255975
28/12/2016 04:00,20.999086,21.27444077,21.2209053,21.46620941,22.81477165,21.69408178,19.3766,20.092,22.3008,21.588,20.83935
28/12/2016 05:00,22.923488,23.32209587,23.26939011,23.79011536,24.76521301,23.78670359,22.6082,21.532,23.9373,23.4198,22.874325
28/12/2016 06:00,26.178324,28.69105339,28.65044785,29.83590126,30.56459236,29.43549871,31.9921,31.21,30.4401,29.1161,30.689575
28/12/2016 07:00,31.181682,31.65730476,31.24011803,33.25746918,33.12802124,32.3207283,34.4517,32.7248,33.5803,32.3804,33.2843
28/12/2016 08:00,28.486357,30.81579208,30.36503029,31.60944748,31.38041687,31.04267168,30.9339,30.5608,31.238,30.7509,30.8709
28/12/2016 09:00,30.34397,30.71326828,29.80105019,31.62123871,30.63847351,30.69350767,30.2852,30.5748,30.9712,30.4613,30.573125
28/12/2016 10:00,28.437736,30.52411842,29.58734703,30.76909447,30.28012466,30.29017115,30.738,29.3919,30.7164,29.9223,30.19215
28/12/2016 11:00,27.937261,29.36948967,28.71318626,29.08816528,28.86483765,29.00891972,29.361,28.5679,28.9327,28.4253,28.821725
28/12/2016 12:00,27.635447,28.06561279,27.67829704,27.22125435,27.68596077,27.66278124,28.0363,26.9845,27.6283,26.4961,27.2863
28/12/2016 13:00,26.76427,27.36455727,26.73103714,26.18097687,26.7088089,26.74634504,27.4587,26.787,26.5527,25.5177,26.579025
28/12/2016 14:00,25.839846,26.62087822,26.13097382,25.19563675,26.29015923,26.059412,26.19,25.7024,25.6895,25.0028,25.646175
28/12/2016 15:00,25.820099,26.11786842,25.79338074,25.45540237,25.71359825,25.77006245,25.9079,25.9011,25.6671,25.2072,25.670825
28/12/2016 16:00,27.974997,28.10315895,27.50941849,26.36519623,26.96744728,27.23630524,28.3114,28.0885,27.7713,27.0948,27.8165
28/12/2016 17:00,38.468907,36.37928391,33.41987228,33.64778519,35.60898972,34.76398277,39.981,37.0548,35.9582,35.238,37.058
28/12/2016 18:00,35.127026,37.38190842,34.87015915,33.92429352,35.81015396,35.49662876,36.5056,36.0764,35.7029,34.6107,35.7239
28/12/2016 19:00,34.673271,34.88604736,32.17625427,32.82603073,32.95233536,33.21016693,35.3369,33.9253,34.3112,33.5151,34.272125
28/12/2016 20:00,33.709195,32.40214157,30.83194542,31.2973175,32.20447922,31.68397093,33.2268,32.7122,32.5612,31.6759,32.544025
28/12/2016 21:00,28.703917,29.15056801,28.5053463,28.7635479,29.42494202,28.96110106,29.2821,28.751,29.695,29.3662,29.273575
28/12/2016 22:00,25.913152,25.93894577,25.5017662,26.05995369,26.43712234,25.984447,25.7463,24.859,26.2462,25.9043,25.68895
28/12/2016 23:00,23.751624,23.91778946,23.52306366,24.16197968,24.45614815,24.01474524,22.9296,22.8182,24.0715,23.7651,23.3961
29/12/2016 00:00,22.578896,22.90802383,22.1894722,23.14181328,22.86991882,22.77730703,22.1471,22.377,21.8626,21.9389,22.0814
29/12/2016 01:00,20.80452,21.98618507,21.64917755,22.41346741,21.87421989,21.98076248,21.7012,20.5443,20.7255,20.9168,20.97195
29/12/2016 02:00,20.357014,21.29435158,20.98666763,21.66786957,21.20085716,21.28743649,21.5729,20.6799,19.8082,19.9841,20.511275
29/12/2016 03:00,20.247195,21.10592461,21.12739182,21.64276886,20.99586296,21.21798706,21.8903,21.0778,19.7072,19.8881,20.64085
29/12/2016 04:00,20.214907,21.66319084,21.71029854,21.89419174,21.55771446,21.7063489,22.505,21.5592,20.3097,20.3012,21.168775
29/12/2016 05:00,22.093806,23.99743652,22.90687943,23.85784149,23.45508194,23.55430984,25.5155,23.8581,22.3777,22.4262,23.544375
29/12/2016 06:00,25.383849,29.04412842,28.84320831,29.34161568,28.4031353,28.90802193,33.179,31.6419,28.0566,28.0168,30.223575
29/12/2016 07:00,29.691112,32.23468018,33.26628876,31.20418549,32.66864777,32.34345055,36.2658,36.3109,33.3622,32.9592,34.724525
29/12/2016 08:00,28.671898,31.38185501,32.12166977,30.81310463,31.00404358,31.33016825,33.0118,31.7956,30.2534,30.4187,31.369875
29/12/2016 09:00,31.544299,31.32732773,31.3719635,31.10500336,30.48159599,31.07147264,33.2935,32.2147,30.9482,30.6522,31.77715
29/12/2016 10:00,30.040357,31.25595856,31.06608009,30.97496414,30.08758354,30.84614658,32.1943,31.2761,31.0367,30.7284,31.308875
29/12/2016 11:00,29.114793,30.31623268,30.06977081,30.19919586,29.06355858,29.91218948,30.2014,30.217,30.545,30.0503,30.253425
29/12/2016 12:00,28.122512,28.77545929,28.93588448,28.82522774,27.75307846,28.57241249,28.6099,28.0891,29.3232,28.9745,28.749175
29/12/2016 13:00,27.20104,28.10884857,27.78169823,28.16483116,26.88273048,27.73452711,27.929,27.3451,28.7791,28.3282,28.09535
29/12/2016 14:00,26.488277,27.55474091,27.28335953,27.48583031,26.68045998,27.25109768,26.8994,26.2577,28.1227,28.0016,27.32035
29/12/2016 15:00,26.646712,27.40916824,26.97673988,27.40173531,26.29650879,27.02103806,26.8113,25.9784,27.8419,28.3104,27.2355
29/12/2016 16:00,28.612658,28.76600838,29.87785721,30.63453865,28.26027298,29.3846693,30.2359,29.2975,30.1071,29.9409,29.89535
29/12/2016 17:00,38.539486,35.30478668,37.44955063,39.24806976,36.80560303,37.20200253,41.3466,40.0024,40.4022,40.1256,40.4692
29/12/2016 18:00,34.132327,37.46837234,38.63416672,36.82807159,36.85298157,37.44589806,39.1588,37.4872,37.4448,37.547,37.90945
29/12/2016 19:00,33.354007,35.67942429,34.79598236,35.32020187,32.9633255,34.68973351,37.7727,35.9707,36.0048,36.2902,36.5096
29/12/2016 20:00,32.679507,33.35652542,32.73242188,33.08802795,31.98321342,32.79004717,36.1719,34.4423,34.8189,35.0826,35.128925
29/12/2016 21:00,30.686448,29.99322319,30.17096901,29.96915054,29.66864395,29.95049667,30.9667,30.3283,30.9654,31.1828,30.8608
29/12/2016 22:00,26.386904,26.88467216,26.44646263,26.41353416,26.47594643,26.55515385,26.7701,25.4096,26.9303,27.0042,26.52855
29/12/2016 23:00,23.778223,24.58948708,23.77873421,24.84682655,24.50422478,24.42981815,23.971,23.2595,24.4085,24.6587,24.074425
30/12/2016 00:00,21.924258,23.92498779,23.50408936,23.87544632,23.66501999,23.74238586,22.6885,22.479,22.9384,22.9607,22.76665
30/12/2016 01:00,21.039668,22.89417076,22.626297,22.54807663,23.08329964,22.78796101,22.1054,21.7127,22.0189,21.8449,21.920475
30/12/2016 02:00,20.438443,22.29921341,21.94328499,21.659338,22.92121696,22.20576334,21.2119,21.1762,21.3563,21.1439,21.222075
30/12/2016 03:00,20.485149,22.08447838,21.62340546,21.37598991,22.90778732,21.99791527,21.4917,21.2249,21.645,21.2611,21.405675
30/12/2016 04:00,21.176143,22.63239479,22.15407181,21.89440727,23.02494812,22.4264555,22.8381,21.8213,21.9987,21.5432,22.050325
30/12/2016 05:00,22.680011,24.3456955,23.67293167,22.34921837,24.06840515,23.60906267,25.546,23.9142,23.9469,23.5023,24.22735
30/12/2016 06:00,27.644786,28.88683891,28.71205902,29.12598991,27.45251083,28.54434967,32.2519,32.2994,28.2417,27.6847,30.119425
30/12/2016 07:00,29.895695,32.21770859,31.54268074,29.22618866,31.30870819,31.07382154,35.9911,35.8624,32.3486,31.4866,33.922175
30/12/2016 08:00,30.3062,31.90242195,30.64213943,31.75218201,31.08744621,31.3460474,32.2651,32.7859,31.9022,31.5722,32.13135
30/12/2016 09:00,30.508501,32.50332642,30.72123909,29.9612236,31.43725777,31.15576172,32.0379,32.327,33.1437,32.7013,32.552475
30/12/2016 10:00,30.89185,32.18439484,30.92624664,30.65764427,31.43988991,31.30204391,31.3288,31.2741,33.3955,32.7809,32.194825
30/12/2016 11:00,29.27664,31.21395493,29.72346306,29.76453781,30.56509972,30.31676388,30.2216,29.7926,32.2937,31.6045,30.9781
30/12/2016 12:00,27.625214,29.51666069,28.65507698,27.28024673,29.07059479,28.6306448,29.2061,28.4289,30.6901,29.8227,29.53695
30/12/2016 13:00,27.071513,28.76536369,27.91996193,28.6668148,28.22166443,28.39345121,28.2239,27.4892,30.0806,29.2618,28.763875
30/12/2016 14:00,26.506205,28.24834061,27.34082603,27.15195847,27.71455574,27.61392021,26.718,26.3745,29.3729,28.5901,27.763875
30/12/2016 15:00,26.426633,27.81376839,27.00392151,27.30147171,27.22938156,27.33713579,26.7139,26.6367,29.1114,28.6767,27.784675
30/12/2016 16:00,30.293769,29.36942101,29.20660019,28.65312767,29.22813797,29.11432171,29.3301,29.229,30.7109,30.444,29.9285
30/12/2016 17:00,41.495773,36.33272934,36.38411713,34.15958023,37.09189987,35.99208164,39.2798,39.5828,40.1287,39.8633,39.71365
30/12/2016 18:00,36.024762,37.92844009,35.60264587,35.7842865,35.02742004,36.08569813,36.2561,36.0658,36.6945,36.2658,36.32055
30/12/2016 19:00,32.630582,35.69400406,33.68891907,35.69289398,33.10305023,34.54471684,34.4169,35.4324,35.6668,35.3917,35.22695
30/12/2016 20:00,31.053396,34.18890381,33.20189667,32.76990128,32.99023056,33.28773308,34.1872,33.7958,35.9457,35.6228,34.887875
30/12/2016 21:00,29.825113,30.89800835,31.06810379,28.70297623,31.06155968,30.43266201,31.1633,29.8133,32.8754,32.533,31.59625
30/12/2016 22:00,25.431957,27.77586365,27.81144142,27.55488777,27.70628357,27.7121191,27.4189,25.8458,28.7497,28.9331,27.736875
30/12/2016 23:00,24.037685,25.48332214,25.26730728,24.74571228,25.92355919,25.35497522,24.6142,23.7986,25.9505,25.8868,25.062525
31/12/2016 00:00,23.050811,23.67002106,22.79485703,23.21744919,22.12915611,22.95287085,22.5031,22.7179,23.0482,23.1542,22.85585
31/12/2016 01:00,21.927938,22.52600098,21.91822815,21.6672554,21.03382683,21.78632784,21.5166,21.5786,21.8938,22.0788,21.76695
31/12/2016 02:00,21.273799,21.78038979,21.03489494,20.51576424,20.49249268,20.95588541,20.816,22.0523,21.3478,21.2986,21.378675
31/12/2016 03:00,21.112545,21.20751762,21.24968338,19.95886421,20.03046608,20.61163282,20.9679,21.8952,21.0115,20.9854,21.215
31/12/2016 04:00,20.768404,20.98907089,21.26538658,20.05626678,19.92074394,20.55786705,21.4058,21.8226,20.6062,20.5959,21.107625
31/12/2016 05:00,21.477569,22.14638138,21.75627899,20.56907082,21.20885086,21.42014551,22.267,22.3752,20.8615,21.1103,21.6535
31/12/2016 06:00,23.298216,23.70796394,23.3780632,21.75004768,22.69838142,22.88361406,24.045,23.0433,22.7449,22.1066,22.98495
31/12/2016 07:00,25.787055,26.67783928,25.52677917,24.61566162,24.28339386,25.27591848,26.6836,27.3337,24.984,24.5947,25.899
31/12/2016 08:00,27.370969,27.12994576,26.44123077,26.26537132,26.00064087,26.45929718,27.9162,27.0249,25.9634,25.9245,26.70725
31/12/2016 09:00,27.868606,26.78622818,27.2541008,27.1182785,26.59175873,26.93759155,27.4234,27.7968,26.1893,26.4685,26.9695
31/12/2016 10:00,26.425838,26.06615448,26.9185009,25.8985672,25.91083336,26.19851398,27.1103,26.9641,24.6195,24.5498,25.810925
31/12/2016 11:00,26.091674,24.49487495,26.1733799,24.26477432,24.97596741,24.97724915,26.5015,25.9269,22.7123,22.5502,24.422725
31/12/2016 12:00,24.759889,23.7622261,25.47228432,21.74237061,23.77840614,23.68882179,25.2835,24.5418,20.5981,19.806,22.55735
31/12/2016 13:00,24.09022,23.34186172,24.99740219,20.79766464,22.88015938,23.00427198,24.3388,24.1245,17.831,18.0924,21.096675
31/12/2016 14:00,23.709429,23.33940887,24.05725098,21.59394455,22.52851677,22.87978029,23.9395,22.9112,16.8605,16.9025,20.153425
31/12/2016 15:00,23.73073,23.32223892,23.81545067,22.23309708,22.47426414,22.9612627,23.8456,22.0187,16.3605,16.8232,19.762
31/12/2016 16:00,24.82867,24.03995132,25.07291985,23.88408279,23.7070694,24.17600584,25.3962,24.9768,19.0355,19.6783,22.2717
31/12/2016 17:00,30.368258,28.01277924,28.13937378,30.44504929,27.37628365,28.49337149,35.0452,36.4247,28.2146,29.7563,32.3602
31/12/2016 18:00,30.306022,28.69919586,27.97606277,29.19560432,28.52311516,28.59849453,31.9422,32.4484,23.4257,24.8222,28.159625
31/12/2016 19:00,28.32285,26.84720039,27.12568665,26.24483871,27.96525955,27.04574633,30.4975,28.7687,21.2314,21.8468,25.5861
31/12/2016 20:00,27.140016,25.55612564,26.95425224,25.6505909,26.48694611,26.16197872,28.7486,30.1727,21.062,21.6278,25.402775
31/12/2016 21:00,25.841233,24.37929535,26.16157341,24.12475395,24.89656639,24.89054728,27.3022,27.0601,23.7221,23.1978,25.32055
31/12/2016 22:00,24.372867,23.59921074,24.18704414,23.21072578,22.89418793,23.47279215,24.957,24.9608,22.7707,22.2277,23.72905
31/12/2016 23:00,22.688588,22.02005577,21.68602943,21.49057961,21.1960659,21.59818268,22.9354,23.2074,21.8313,21.9517,22.48145
01/01/2017 00:00,22.105008,20.69939423,20.62634659,21.56646919,20.84694862,20.93478966,21.4427,21.7091,20.9622,21.1569,21.317725
01/01/2017 01:00,21.300253,19.69036865,19.62000275,20.56473923,19.62382507,19.87473392,20.5578,20.8414,19.2971,19.6203,20.07915
01/01/2017 02:00,20.995351,18.72562218,18.55381203,20.26843262,18.45581627,19.00092077,20.0737,20.4451,18.1235,18.4988,19.285275
01/01/2017 03:00,20.561,17.82712746,17.72333527,19.73912811,17.86043167,18.28750563,19.9298,20.1294,17.4362,17.9192,18.85365
01/01/2017 04:00,20.614897,17.6638031,17.65726089,19.42315865,17.5701561,18.07859468,20.242,20.4413,17.2221,17.6099,18.878825
01/01/2017 05:00,20.717964,18.5859108,17.83099365,20.14598083,17.94324875,18.62653351,20.8398,20.4894,16.9735,17.9203,19.05575
01/01/2017 06:00,21.560127,19.96979332,18.89751053,19.41067123,19.09289551,19.34271765,22.7013,19.9727,16.3004,16.7254,18.92495
01/01/2017 07:00,22.341082,21.49751663,20.51742935,21.17698669,20.86322021,21.01378822,19.7832,19.5146,17.8978,17.4648,18.6651
01/01/2017 08:00,23.696791,22.97265816,21.81702042,23.44467926,22.22030449,22.61366558,24.8194,20.918,19.5649,20.0422,21.336125
01/01/2017 09:00,24.794271,23.17250824,22.1876564,24.86109924,23.28213692,23.3758502,23.6159,22.764,20.6539,21.364,22.09945
01/01/2017 10:00,25.081882,22.97011948,22.43555069,24.43144226,23.59827614,23.35884714,24.1739,22.6229,19.8934,19.5382,21.5571
01/01/2017 11:00,25.179209,22.91877556,22.07282257,23.31967545,23.09981537,22.85277224,25.2117,22.175,19.1083,19.0301,21.381275
01/01/2017 12:00,24.258498,23.40181351,21.44062424,21.85838127,22.4454174,22.2865591,23.5592,21.1516,20.0194,19.7862,21.1291
01/01/2017 13:00,23.903023,23.6395874,20.54967117,21.97792053,21.92915916,22.02408457,23.2166,20.8573,18.7713,19.9174,20.69065
01/01/2017 14:00,23.831676,23.04975891,20.3396759,21.33361053,21.57817078,21.57530403,22.45,22.6245,18.8411,19.7327,20.912075
01/01/2017 15:00,23.86206,23.06073189,20.7232399,21.85712051,21.82894325,21.86750889,22.7606,22.3889,19.4439,20.6276,21.30525
01/01/2017 16:00,24.781033,24.87410545,22.66390991,22.79569244,23.64272308,23.49410772,23.6297,22.8725,21.6402,22.8105,22.738225
01/01/2017 17:00,36.560114,30.70877075,27.94784737,28.2840538,28.10239601,28.76076698,32.8698,33.1161,28.8721,29.5021,31.090025
01/01/2017 18:00,35.268622,32.30430222,29.1327095,29.13725471,29.0107193,29.89624643,30.6703,30.238,27.8992,28.5326,29.335025
01/01/2017 19:00,33.57488,31.04901505,28.22228432,28.92102051,27.83252907,29.00621223,29.8298,27.8049,27.7382,28.1645,28.38435
01/01/2017 20:00,28.5131,29.15735245,27.26013565,28.95995331,28.02896309,28.35160112,28.2341,27.6823,28.2482,28.715,28.2199
01/01/2017 21:00,26.558887,26.31425476,25.68691635,26.48039055,26.8304882,26.32801247,25.8217,26.5443,25.3018,25.7984,25.86655
01/01/2017 22:00,24.771663,24.03102493,23.42923355,24.30011749,24.15931129,23.97992182,24.0563,24.201,23.4462,23.6492,23.838175
01/01/2017 23:00,23.173332,22.4283905,21.0382843,22.0716877,22.22760773,21.94149256,22.2505,22.3082,21.8679,22.1393,22.141475
02/01/2017 00:00,20.876341,22.25159645,22.71451569,21.56583595,21.95971489,22.12291574,21.659,21.8076,21.634,21.7435,21.711025
02/01/2017 01:00,19.832119,21.18251228,21.82394218,20.40037918,20.77330017,21.04503345,20.837,21.0534,20.8294,21.106,20.95645
02/01/2017 02:00,19.182569,20.38974953,21.15897942,19.72398567,20.35268021,20.40634871,20.3188,20.7908,20.4878,20.6011,20.549625
02/01/2017 03:00,19.243151,20.19841766,21.07492447,19.81472778,20.14181137,20.30747032,19.8064,20.8853,20.4603,20.5608,20.4282
02/01/2017 04:00,19.388608,20.65186501,21.91314316,20.37323952,20.46302032,20.850317,20.6508,21.3889,21.1381,21.0935,21.067825
02/01/2017 05:00,19.742385,22.37119865,24.08048248,22.18207932,23.12360573,22.93934155,22.0697,22.5023,22.8955,22.7622,22.557425
02/01/2017 06:00,21.39901,26.56557274,27.36992264,27.38167,27.15894508,27.11902761,28.2526,29.2382,27.0282,26.5025,27.755375
02/01/2017 07:00,23.483168,28.82617378,29.49707794,29.21545982,29.68895721,29.30691719,30.7891,31.4038,28.9998,28.9412,30.033475
02/01/2017 08:00,26.166614,28.95141792,29.12996483,29.42920876,29.48903084,29.24990559,29.2543,29.7116,28.7792,28.7259,29.11775
02/01/2017 09:00,26.964074,29.45643234,29.28126907,29.49290466,30.31014252,29.63518715,29.3348,30.0862,29.895,29.8722,29.79705
02/01/2017 10:00,28.74814,29.10740089,29.27672958,28.90392685,30.5742321,29.46557236,30.0874,29.7628,30.122,30.3809,30.088275
02/01/2017 11:00,28.148138,27.86044312,28.77999687,27.08463478,30.10819817,28.45831823,28.9888,28.4827,30.1689,29.929,29.39235
02/01/2017 12:00,26.780878,26.85352325,28.06507683,26.06679916,29.18622971,27.54290724,28.0451,27.4822,29.0575,28.7603,28.336275
02/01/2017 13:00,26.311646,26.08064079,27.13616753,24.69946289,28.24820518,26.5411191,27.322,26.9422,28.494,28.0367,27.698725
02/01/2017 14:00,25.756216,25.90481186,26.54987717,23.58500671,27.4265461,25.86656046,26.5869,26.6665,28.0451,27.5658,27.216075
02/01/2017 15:00,25.547237,25.52495766,26.00656509,24.27858734,26.61936188,25.60736799,26.2573,26.4001,27.6771,26.8291,26.7909
02/01/2017 16:00,27.959384,26.87782097,28.40390778,26.47484207,28.26586723,27.50560951,29.113,29.5449,28.9241,28.0997,28.920425
02/01/2017 17:00,38.134283,32.58776474,37.4970665,38.34731674,39.72282028,37.03874207,38.7323,42.465,37.3101,37.2418,38.9373
02/01/2017 18:00,36.342717,33.35002899,37.07500458,32.9280014,36.34856033,34.92539883,37.9834,35.9936,33.7243,33.6617,35.34075
02/01/2017 19:00,34.071642,31.79513168,32.33420563,31.28040123,30.39010239,31.44996023,34.6528,34.7524,32.1857,31.1317,33.18065
02/01/2017 20:00,28.387494,29.84515762,29.9743309,30.22055817,29.01509476,29.76378536,33.5229,32.9702,28.7538,28.2746,30.880375
02/01/2017 21:00,25.998043,27.47741508,27.7790451,26.84599304,26.58050346,27.17073917,30.2478,29.5464,26.4088,25.8809,28.020975
02/01/2017 22:00,23.927801,24.74601555,25.39605141,24.51282883,24.04748917,24.67559624,25.4441,25.4531,24.0002,23.8399,24.684325
02/01/2017 23:00,21.431564,22.97287941,23.1736145,22.57255173,21.75200844,22.61776352,22.4577,23.252,22.2321,22.2518,22.5484
03/01/2017 00:00,21.621423,20.29415512,20.48944855,20.08742523,19.10504341,19.99401808,20.4021,20.7187,19.6558,20.0596,20.20905
03/01/2017 01:00,20.585145,19.41400909,18.99873734,19.3261013,17.86823273,18.90177011,19.4057,19.6047,18.5432,18.874,19.1069
03/01/2017 02:00,19.933808,18.29026413,18.35808754,18.35593033,17.12343597,18.03192949,18.3902,19.0202,17.6612,18.0278,18.27485
03/01/2017 03:00,19.870968,17.92892838,18.11457825,18.19624138,16.66121101,17.72523975,18.4967,18.8955,17.5375,17.8108,18.185125
03/01/2017 04:00,20.233919,18.62096977,18.96686554,18.67681313,17.20254135,18.36679745,19.4301,19.7283,18.2138,18.2942,18.9166
03/01/2017 05:00,21.381244,20.50102043,20.84955978,20.55861855,19.1609726,20.26754284,20.6977,21.5109,19.7921,19.6859,20.42165
03/01/2017 06:00,28.076781,24.27329063,22.82433319,23.84604263,22.53372574,23.36934805,26.7266,26.88,23.93,23.3946,25.2328
03/01/2017 07:00,30.440472,26.78244019,25.3578167,25.05114174,25.30844498,25.6249609,29.3854,29.1039,25.6347,25.1355,27.314875
03/01/2017 08:00,29.917846,27.40680695,26.08561897,26.25099182,26.06590843,26.45233154,28.7114,28.2316,26.944,26.6362,27.6308
03/01/2017 09:00,31.090977,28.16603851,26.1501255,27.5179081,26.22264099,27.01417828,29.2756,29.3321,28.2064,27.8528,28.666725
03/01/2017 10:00,33.606166,28.59233475,26.15923882,27.77393723,26.06339836,27.14722729,30.1226,29.2966,29.2957,28.7282,29.360775
03/01/2017 11:00,34.297026,27.97628212,25.61170197,27.35896301,25.89153099,26.70961952,27.8169,29.0435,29.2679,28.5935,28.68045
03/01/2017 12:00,29.905888,27.31298637,24.8165493,26.37034798,25.12429237,25.90604401,26.88,27.857,28.8014,27.9667,27.876275
03/01/2017 13:00,28.237629,27.04689026,24.19603348,25.78337479,24.74831581,25.44365358,26.6922,27.1221,28.2307,27.274,27.32975
03/01/2017 14:00,26.680635,26.43103409,24.1043663,25.17373657,24.14783287,24.96424246,26.1509,26.61,27.6744,26.801,26.809075
03/01/2017 15:00,26.126866,26.14922523,24.05649567,25.14871979,24.22012711,24.89364195,25.6148,26.8936,26.5785,26.0514,26.284575
03/01/2017 16:00,28.509767,27.16773033,26.21015167,27.84061432,25.59963799,26.70453358,28.2426,27.9527,28.4494,28.1232,28.191975
03/01/2017 17:00,37.239109,30.79340935,33.38362503,36.42451096,32.37485886,33.24410105,37.0012,38.9051,37.549,37.1817,37.65925
03/01/2017 18:00,36.781857,32.16082764,33.50322723,32.95880127,32.07631683,32.67479324,34.6208,35.3766,35.7539,35.3316,35.270725
03/01/2017 19:00,35.004064,31.64104652,30.25248528,32.11406708,28.63762665,30.66130638,33.2609,34.2386,33.3635,32.5554,33.3546
03/01/2017 20:00,29.017202,29.91296959,27.93966484,30.20340538,27.03574753,28.77294683,31.7074,31.7146,30.2091,29.3124,30.735875
03/01/2017 21:00,25.480106,26.94582367,25.47079277,26.76854134,24.90310669,26.02206612,28.6003,28.1584,27.3957,27.2997,27.863525
03/01/2017 22:00,24.063157,24.24571037,22.97545242,23.69691467,22.1980896,23.27904177,24.3006,24.7903,24.8457,24.6952,24.65795
03/01/2017 23:00,21.708461,22.15348053,20.99603271,21.76360893,19.85655594,21.19241953,21.8004,22.4323,22.3014,22.5835,22.2794
04/01/2017 00:00,21.435155,23.05068779,21.16096306,21.38757324,21.40498924,21.75105333,20.7911,20.9425,21.2653,21.3755,21.0936
04/01/2017 01:00,21.502445,22.0041008,20.59423828,20.37723923,20.77394104,20.93737984,20.2467,19.9856,20.2624,20.4602,20.238725
04/01/2017 02:00,21.065523,21.14097214,19.94070625,19.43710709,19.96569252,20.1211195,19.9077,19.8111,19.672,19.8183,19.802275
04/01/2017 03:00,20.970235,20.72014999,19.60175705,19.22227478,19.69228554,19.80911684,19.769,19.7255,19.5019,19.7711,19.691875
04/01/2017 04:00,21.184341,21.22854042,20.17466354,19.97657013,20.7987957,20.54464245,20.4776,20.5232,20.6962,20.8522,20.6373
04/01/2017 05:00,23.468782,23.07727432,22.21946144,21.64660835,22.85559464,22.44973469,22.2614,22.1757,22.6097,22.549,22.39895
04/01/2017 06:00,27.828844,27.83159447,27.91617966,26.82065201,28.13916969,27.67689896,29.2725,28.6696,29.4578,28.825,29.056225
04/01/2017 07:00,33.189314,30.80392456,31.35250854,29.63370895,31.28148079,30.76790571,32.7001,31.3102,31.6861,31.7578,31.86355
04/01/2017 08:00,30.674414,30.77722359,29.65620232,29.85663033,30.58148384,30.21788502,30.6082,29.5849,31.0488,30.9412,30.545775
04/01/2017 09:00,30.908423,31.6620903,29.33887863,32.13924026,31.10105896,31.06031704,30.7192,30.3799,31.7611,31.804,31.16605
04/01/2017 10:00,30.810049,32.26518631,30.08600616,31.64758873,31.7046566,31.42585945,30.8652,30.0796,32.6224,32.3752,31.4856
04/01/2017 11:00,29.668063,31.9984951,29.96438599,31.36432266,31.08879089,31.10399866,29.7498,29.7676,31.9046,31.9277,30.837425
04/01/2017 12:00,28.282004,31.1418457,29.05281067,30.07366943,29.84399605,30.02808046,28.2069,28.1906,30.7927,30.7432,29.48335
04/01/2017 13:00,27.686208,30.4550705,28.00445175,29.52304268,28.68677902,29.16733599,27.6323,27.7056,30.2671,30.056,28.91525
04/01/2017 14:00,27.006684,29.94563293,27.52879143,29.25528526,28.5745163,28.82605648,26.6701,27.2238,29.586,29.1982,28.169525
04/01/2017 15:00,27.055802,29.74395752,27.54626465,28.99575806,28.37229538,28.6645689,26.5572,26.7438,28.9382,29.367,27.90155
04/01/2017 16:00,29.066944,31.24448776,30.88016701,32.0887146,30.98396492,31.29933357,29.9729,29.1872,31.3572,31.9057,30.60575
04/01/2017 17:00,43.139772,36.76800156,42.79827881,44.37265778,48.61351013,43.13811207,40.8562,41.2706,44.1352,44.6654,42.73185
04/01/2017 18:00,45.256044,38.99705887,49.49768066,46.71232224,51.48654938,46.67340279,37.7917,42.051,47.2627,47.1772,43.57065
04/01/2017 19:00,43.272993,37.51108932,41.58557129,45.03586578,41.91281891,41.51133633,38.6375,36.2704,46.1127,44.7877,41.452075
04/01/2017 20:00,41.264528,35.26171494,38.22932434,41.15253067,38.23078537,38.21858883,37.2221,36.7315,39.6971,39.5952,38.311475
04/01/2017 21:00,35.831501,31.6503315,34.10069275,36.10651016,33.64533615,33.87571764,30.1376,29.9772,34.7415,34.8219,32.41955
04/01/2017 22:00,27.904894,27.96084404,29.48835373,29.97442818,28.51405907,28.98442125,26.9397,26.6591,29.1136,29.5495,28.065475
04/01/2017 23:00,26.039193,25.5290699,27.00020981,26.93346024,25.50444984,26.24179745,23.6691,22.9119,26.3443,26.652,24.894325
05/01/2017 00:00,24.603422,26.06618881,25.52845192,25.61981583,25.32866859,25.63578129,24.557,24.0652,26.0622,25.9224,25.1517
05/01/2017 01:00,24.677858,25.36839104,25.14084435,25.38585854,24.89242744,25.19688034,23.0998,23.0973,26.1638,25.5204,24.470325
05/01/2017 02:00,24.245139,25.48237228,24.82311058,24.99751663,24.55221939,24.96380472,22.2387,24.0852,26.3588,25.3655,24.51205
05/01/2017 03:00,24.541476,25.59214592,25.67644882,24.49445915,24.49970055,25.06568861,22.6918,25.0555,27.2368,25.9537,25.23445
05/01/2017 04:00,25.850436,26.22785187,26.84904861,24.01394272,25.53038216,25.65530634,23.4399,25.2295,27.4694,26.1085,25.561825
05/01/2017 05:00,28.746114,27.96517372,29.71844482,28.04875183,27.6115284,28.33597469,26.1182,28.5919,29.9741,28.5721,28.314075
05/01/2017 06:00,45.371323,36.15426254,37.8723793,39.85972595,40.32280731,38.55229378,38.6745,36.2805,36.8446,35.1043,36.725975
05/01/2017 07:00,47.798089,42.80680084,45.70888138,43.80633545,44.70083618,44.25571346,48.6215,44.6879,47.797,43.989,46.27385
05/01/2017 08:00,46.257434,39.28841019,42.52296448,38.21875763,37.81048965,39.46015549,40.0643,36.9077,40.9116,38.7169,39.150125
05/01/2017 09:00,44.536549,38.14916229,40.85708618,36.90254593,36.31816483,38.05673981,38.9507,38.0395,40.9049,38.5767,39.11795
05/01/2017 10:00,42.948707,36.79323196,39.159832,34.97198105,36.43369293,36.83968449,36.2789,35.9545,40.0967,38.0498,37.594975
05/01/2017 11:00,39.708124,34.50124359,36.52623749,34.0219574,33.63312531,34.67064095,34.9211,34.4318,38.1638,36.4325,35.9873
05/01/2017 12:00,34.687586,32.23234558,34.04441833,31.10523605,30.13828659,31.88007164,33.2444,32.3644,36.4207,34.8914,34.230225
05/01/2017 13:00,33.83214,30.58722305,32.03173447,30.47769547,28.76078796,30.46436024,31.6761,30.5699,36.333,34.299,33.2195
05/01/2017 14:00,32.40008,29.67022896,31.16159821,29.37684441,27.81447029,29.50578547,29.0407,29.5049,36.2599,34.016,32.205375
05/01/2017 15:00,32.86208,29.45481491,30.39367104,28.26045609,26.83599663,28.73623466,29.5981,28.3348,35.6666,33.8456,31.861275
05/01/2017 16:00,36.310897,31.15665245,33.29808044,31.0241909,31.39748764,31.71910286,35.7835,34.4908,38.2984,36.0781,36.1627
05/01/2017 17:00,50.707475,39.81058502,44.83437347,44.20796967,46.11832428,43.74281311,49.0183,48.7389,51.1551,49.1978,49.527525
05/01/2017 18:00,52.592727,45.52594757,46.47826767,43.59256744,52.9352417,47.1330061,48.0413,49.7971,50.6367,49.1461,49.4053
05/01/2017 19:00,49.813587,42.22964859,42.18769073,38.80458069,43.64814758,41.7175169,48.4879,46.0376,47.4923,45.155,46.7932
05/01/2017 20:00,48.01586,40.27359772,39.84482574,37.66529846,40.88783264,39.66788864,43.0571,45.9603,44.3576,42.5147,43.972425
05/01/2017 21:00,44.515046,35.69134903,35.81807327,33.1174736,38.32037735,35.73681831,40.2352,39.7723,38.652,37.5681,39.0569
05/01/2017 22:00,33.52466,30.85157013,31.1618824,28.46704865,32.23596573,30.67911673,31.877,30.3439,31.1065,30.5941,30.980375
05/01/2017 23:00,28.082767,27.94088173,27.91511536,26.3853817,28.36153412,27.65072823,26.1849,26.8459,28.783,28.004,27.45445
06/01/2017 00:00,25.382365,28.53450203,26.8991127,28.65371513,26.78348732,27.7177043,26.5201,25.7829,26.6267,26.8694,26.449775
06/01/2017 01:00,24.755885,27.75796318,26.15687752,28.10055733,25.22875404,26.81103802,25.5877,24.9462,25.4061,25.5499,25.372475
06/01/2017 02:00,24.154538,27.03460312,25.38787079,28.22631073,24.34305382,26.24795961,24.6132,23.6708,24.1504,24.7189,24.288325
06/01/2017 03:00,24.410078,26.9359684,25.51989365,29.08751678,23.90799522,26.36284351,25.2129,24.9184,24.985,25.3691,25.12135
06/01/2017 04:00,24.985417,27.70264816,26.46612167,29.20467377,24.1891346,26.89064455,26.5727,26.2383,26.3639,26.4381,26.40325
06/01/2017 05:00,28.671043,29.18753815,29.12518883,31.09002304,25.5110817,28.72845793,31.0816,27.2173,29.0845,29.254,29.15935
06/01/2017 06:00,43.287314,35.471138,40.83995056,40.02833939,40.84487534,39.29607582,41.2088,37.6727,40.1316,39.1408,39.538475
06/01/2017 07:00,47.575339,42.66561508,48.24094391,49.57673645,46.86914444,46.83810997,48.8031,44.794,46.8843,48.047,47.1321
06/01/2017 08:00,45.840319,41.98526764,43.4500618,44.15802002,42.39713669,42.99762154,40.8598,41.2866,44.7398,44.5774,42.8659
06/01/2017 09:00,44.814096,41.46398163,41.63658524,42.23655701,40.55749893,41.4736557,40.9672,39.8321,44,43.3743,42.0434
06/01/2017 10:00,42.153731,40.35165024,39.97599792,39.67781067,39.15302658,39.78962135,39.0545,37.1392,43.7646,42.7406,40.674725
06/01/2017 11:00,40.837627,37.59527588,37.3698616,37.77623749,35.46964264,37.0527544,35.4669,34.4344,40.8285,39.7322,37.6155
06/01/2017 12:00,34.502482,34.87760544,34.87153625,34.76326752,32.19460297,34.17675304,32.9275,32.3291,37.4874,36.6145,34.839625
06/01/2017 13:00,32.943417,33.16247559,33.35026932,33.2888031,31.13048553,32.73300838,31.4339,30.3756,35.9308,35.671,33.352825
06/01/2017 14:00,31.894735,32.18830872,32.35226059,31.83189774,30.46533203,31.70944977,30.3238,29.3295,35.1131,34.9429,32.427325
06/01/2017 15:00,32.279044,31.95174217,32.26324081,30.96436119,29.86396027,31.26082611,29.6416,29.1316,34.6625,34.0694,31.876275
06/01/2017 16:00,35.956399,33.76718903,35.30635834,32.65706635,33.1833992,33.72850323,33.7589,33.2329,36.7489,36.2655,35.00155
06/01/2017 17:00,48.553592,44.69786453,47.96337891,46.08213806,46.94374847,46.42178249,46.4649,44.9638,50.2229,49.3207,47.743075
06/01/2017 18:00,50.594159,53.84275436,47.60089874,52.02891541,52.79826736,51.56770897,45.7431,45.096,49.1139,48.9465,47.224875
06/01/2017 19:00,48.42838,48.19244003,44.45063782,44.90021515,45.20664215,45.68748379,43.3412,42.7736,46.0259,46.4065,44.6368
06/01/2017 20:00,46.601437,43.84412003,43.83388519,46.3190155,42.67342377,44.16761112,42.5088,43.1594,44.0315,43.8367,43.3841
06/01/2017 21:00,44.88319,39.21875381,39.12962723,40.51239014,38.68384171,39.38615322,38.4565,40.6779,40.1975,40.2933,39.9063
06/01/2017 22:00,34.917142,34.03250504,33.03628922,34.5412941,33.24148178,33.71289253,31.8822,32.9233,33.216,33.3818,32.850825
06/01/2017 23:00,31.110836,29.66535759,29.78035164,29.51230621,29.29083633,29.56221294,28.0354,28.7672,28.6647,28.7143,28.5454
07/01/2017 00:00,31.308692,30.90344048,28.26211357,28.20415878,30.08245277,29.3630414,29.1033,26.4787,30.4025,30.3736,29.089525
07/01/2017 01:00,30.980394,29.20478821,26.74526215,27.79952621,29.16338921,28.22824144,27.7845,26.0724,29.1367,28.8178,27.95285
07/01/2017 02:00,28.940962,27.95538139,26.02999115,27.00529671,28.67432022,27.41624737,24.6353,26.2273,28.7904,28.6192,27.06805
07/01/2017 03:00,28.285945,27.27845383,24.76656723,26.93828773,28.60634041,26.8974123,24.5258,24.5198,28.641,28.6299,26.579125
07/01/2017 04:00,28.171225,27.0417366,25.28261375,26.61808014,28.42943382,26.84296608,26.0961,25.3739,29.024,28.839,27.33325
07/01/2017 05:00,28.769258,28.31009674,26.91477203,28.11242867,28.51681519,27.96352816,27.3235,25.6726,30.3455,30.5136,28.4638
07/01/2017 06:00,32.360977,31.1541481,30.5055027,32.00331879,33.67443848,31.83435202,33.4734,30.9215,32.3468,32.5029,32.31115
07/01/2017 07:00,35.099014,35.83567429,35.81427002,35.19938278,38.9500885,36.4498539,38.2735,36.4921,36.6723,37.0062,37.111025
07/01/2017 08:00,38.522294,37.84257889,37.6029892,35.78233337,38.59441376,37.4555788,36.6144,36.4744,39.6513,40.1014,38.210375
07/01/2017 09:00,43.196311,38.20465469,36.91576385,37.3596344,38.34064865,37.7051754,36.7114,35.4987,40.4737,41.0995,38.445825
07/01/2017 10:00,42.453687,37.42839813,34.44150162,35.9668808,37.15336227,36.24753571,35.3617,33.7401,39.2522,39.664,37.0045
07/01/2017 11:00,39.819724,35.38983917,31.5791378,34.29088974,34.10015488,33.8400054,34.683,32.6061,37.2038,37.2208,35.428425
07/01/2017 12:00,33.973034,33.49436951,29.64673233,33.28642273,31.35520172,31.94568157,32.6622,30.3617,35.2204,34.8507,33.27375
07/01/2017 13:00,30.529979,31.48950005,27.94223213,31.63553047,29.34493637,30.10304976,30.4041,29.258,33.4332,33.138,31.558325
07/01/2017 14:00,28.070772,30.42744255,26.31612778,31.46894646,27.90015793,29.02816868,29.6133,27.8329,32.6022,32.4072,30.6139
07/01/2017 15:00,27.652009,30.21715927,25.31114197,31.00896454,27.73218155,28.56736183,28.8996,28.5584,32.5197,32.2326,30.552575
07/01/2017 16:00,29.925184,31.53909302,27.01383591,33.09914398,29.96675682,30.40470743,32.3751,30.9689,35.0895,34.502,33.233875
07/01/2017 17:00,39.43986,37.3217659,34.75640106,42.0853653,37.96300888,38.03163528,44.9159,44.1964,43.6063,43.7063,44.106225
07/01/2017 18:00,43.798132,44.98417664,38.30027008,45.08691025,43.41963196,42.94774723,43.1635,41.1391,45.7446,46.128,44.0438
07/01/2017 19:00,39.200102,43.11218262,36.70788193,42.10004807,40.62115479,40.63531685,41.154,39.6579,42.8342,43.2095,41.7139
07/01/2017 20:00,38.360201,40.88043594,35.57601929,40.67651367,38.68280411,38.95394325,40.1142,38.9779,40.7275,40.8146,40.15855
07/01/2017 21:00,35.272786,37.00981903,33.48122406,36.93062592,35.27381897,35.67387199,36.8298,37.2739,37.8645,38.0803,37.512125
07/01/2017 22:00,31.331554,33.32883453,29.87678528,32.99315643,31.74815178,31.98673201,31.7938,29.7345,31.8752,32.4145,31.4545
07/01/2017 23:00,29.237435,29.63087273,27.16326904,28.64591789,29.20280266,28.66071558,27.9434,26.9574,28.6675,28.8718,28.110025
08/01/2017 00:00,31.237417,30.55513382,29.2042675,29.78041077,28.8763237,29.60403395,26.7964,26.2634,28.8945,28.8962,27.712625
08/01/2017 01:00,30.065228,28.77195358,28.90197945,29.55169106,27.87434387,28.77499199,26.8452,25.4783,27.1273,27.7504,26.8003
08/01/2017 02:00,28.975074,28.18302155,28.1513195,27.85650063,27.32062721,27.87786722,24.3538,24.3048,25.9215,26.7542,25.333575
08/01/2017 03:00,29.082826,27.34999466,28.27014732,28.54072952,26.45465851,27.6538825,25.385,24.2889,25.0795,26.0621,25.203875
08/01/2017 04:00,29.159777,26.50676918,28.34475327,27.78058815,26.2434063,27.21887922,25.3648,24.3205,25.1437,25.4931,25.080525
08/01/2017 05:00,33.00539,26.68990135,28.29049683,26.85626602,26.18627167,27.00573397,25.0911,24.6667,24.7711,25.5189,25.01195
08/01/2017 06:00,35.043794,27.44027138,28.62432289,25.04696655,26.94581223,27.01434326,28.0838,28.1961,25.9157,26.847,27.26065
08/01/2017 07:00,37.433837,31.7752037,29.58909416,29.09863091,29.04262543,29.87638855,31.4176,32.0608,28.8352,29.3744,30.422
08/01/2017 08:00,42.506637,33.40917206,30.28675461,31.77462959,30.49976158,31.49257946,30.5806,30.8587,31.0975,31.8869,31.105925
08/01/2017 09:00,42.849637,34.4279213,30.9093132,32.30656052,30.8681488,32.12798595,31.2038,31.3768,32.6243,33.4404,32.161325
08/01/2017 10:00,40.203257,33.71833801,30.65192413,31.25252342,30.82595253,31.61218452,32.5751,31.8504,32.5025,33.2797,32.551925
08/01/2017 11:00,36.706549,31.6412487,29.49930191,29.01352501,29.62285423,29.94423246,32.1441,32.7695,31.365,31.838,32.02915
08/01/2017 12:00,33.611524,29.68815613,27.9533596,28.70738029,28.55987549,28.72719288,30.7282,29.8302,30.3087,30.5215,30.34715
08/01/2017 13:00,30.878474,28.08744812,26.8719902,27.04666519,27.55790329,27.3910017,28.2333,28.7075,28.8477,28.8259,28.6536
08/01/2017 14:00,29.262994,27.29423141,25.85033417,27.17582321,26.79889107,26.77981997,26.8923,26.0085,28.2988,28.2956,27.3738
08/01/2017 15:00,28.802162,27.22885323,25.93312073,25.82740021,26.69820595,26.42189503,27.7106,26.0569,28.3124,28.4569,27.6342
08/01/2017 16:00,32.346362,28.72481537,27.37066841,28.59834099,27.37999725,28.01845551,30.0961,28.7781,30.2533,30.6487,29.94405
08/01/2017 17:00,51.924285,34.91861343,34.09497452,35.66102982,33.18993759,34.46613884,40.1766,40.1967,40.4644,40.3438,40.295375
08/01/2017 18:00,53.882824,42.04459,37.19027328,40.99597931,37.83784103,39.51717091,39.6426,38.9036,42.9465,44.1135,41.40155
08/01/2017 19:00,48.525811,41.25359726,35.31352997,37.52099228,37.93851471,38.00665855,37.1082,36.2821,40.0394,41.4742,38.725975
08/01/2017 20:00,47.289838,38.41325378,34.37504196,36.6627655,35.45530319,36.22659111,37.0835,34.1555,38.6286,39.5717,37.359825
08/01/2017 21:00,42.987699,35.78491974,32.29549789,34.32553864,32.47371674,33.71991825,35.4923,34.4476,35.0004,36.1629,35.2758
08/01/2017 22:00,36.19315,32.00995255,29.87537003,30.98989677,29.91531754,30.69763422,30.7265,28.8655,30.7654,31.5125,30.467475
08/01/2017 23:00,30.392374,29.48645782,28.19908333,28.09445763,27.741045,28.38026094,28.3284,27.3646,28.1421,28.6503,28.12135
09/01/2017 00:00,23.022692,27.68866348,29.10107994,28.4562664,30.19147491,28.85937119,29.014,26.5538,29.6917,29.3957,28.6638
09/01/2017 01:00,21.629858,26.83158302,28.29677773,27.15556717,28.68035126,27.74106979,27.7198,25.7855,28.0599,27.9194,27.37115
09/01/2017 02:00,21.291494,26.53195,27.60007858,26.66714096,27.62593651,27.10627651,26.3517,25.3453,27.2574,27.109,26.51585
09/01/2017 03:00,21.280115,26.28172684,27.50772095,26.19497681,26.93223953,26.72916603,28.0406,25.2541,27.1781,27.3257,26.949625
09/01/2017 04:00,21.679701,26.82411385,28.86536407,27.06599426,27.6600132,27.60387135,27.8445,26.361,27.904,27.6563,27.44145
09/01/2017 05:00,24.937774,28.83306313,34.23109818,29.49713135,31.00467873,30.89149284,30.4224,30.0663,30.4231,30.6492,30.39025
09/01/2017 06:00,36.476432,37.65657425,41.93961334,37.07339096,38.46287155,38.78311253,41.271,37.7859,37.1757,37.5784,38.45275
09/01/2017 07:00,48.846108,46.49752426,48.76865387,52.75022507,45.80449295,48.45522404,44.6382,42.7514,47.5063,48.3092,45.801275
09/01/2017 08:00,47.714614,41.94887924,49.05030823,46.9834137,47.37039566,46.33824921,41.7291,42.3441,46.0445,46.2682,44.096475
09/01/2017 09:00,41.736123,39.96136093,45.47599792,43.29835892,47.98781204,44.18088245,41.5303,39.3711,44.1492,44.7865,42.459275
09/01/2017 10:00,36.555645,38.16647339,44.0925293,41.11790466,45.2039566,42.14521599,40.0304,43.1805,42.6477,42.0289,41.971875
09/01/2017 11:00,33.846495,35.50627136,39.97454071,37.36573029,40.4587326,38.32631874,40.6677,35.9155,40.3903,39.595,39.142125
09/01/2017 12:00,29.42356,32.7104454,35.72450256,34.46380234,36.17605591,34.76870155,36.7566,36.4935,37.6582,36.5073,36.8539
09/01/2017 13:00,28.328931,30.54563522,32.91177368,32.58139801,31.93088913,31.99242401,33.5903,32.7573,36.0596,35.0015,34.352175
09/01/2017 14:00,26.00035,29.49681473,31.98718643,31.67458153,29.46505737,30.65591002,32.0307,30.9595,35.4081,34.5604,33.239675
09/01/2017 15:00,25.980374,29.04691505,31.48693466,31.664505,27.96125221,30.03990173,30.5647,32.0518,35.4638,34.6423,33.18065
09/01/2017 16:00,27.871492,30.15081215,34.00879669,33.05053329,30.25457191,31.86617851,33.9253,33.7306,37.2949,36.5982,35.38725
09/01/2017 17:00,40.084106,36.66024017,50.01828766,46.36569214,42.82085419,43.96626854,46.0379,46.6307,50.8537,49.6458,48.292025
09/01/2017 18:00,42.584156,44.21133041,51.71003723,48.14804077,51.52679825,48.89905167,46.2277,45.8398,50.6785,49.6543,48.100075
09/01/2017 19:00,35.457247,41.63085556,42.77253723,42.914505,45.8423233,43.29005527,41.6786,42.4653,45.9516,45.4467,43.88555
09/01/2017 20:00,32.832934,38.36441803,39.8012619,39.85351563,39.12434006,39.2858839,40.1825,41.3085,42.1826,42.0177,41.422825
09/01/2017 21:00,28.017015,34.87715149,37.13749695,36.22632599,33.83513641,35.51902771,37.055,37.5256,37.1179,36.882,37.145125
09/01/2017 22:00,24.103824,31.27009583,31.87044716,31.15149498,29.21803093,30.87751722,32.591,32.5017,32.5448,32.4152,32.513175
09/01/2017 23:00,22.432437,27.97266006,28.27563095,27.18553925,24.74321938,27.04426241,28.1722,28.4461,27.7673,27.8754,28.06525
10/01/2017 00:00,20.357074,23.30092812,21.47517586,20.3982811,20.26415825,21.35963583,22.9282,21.8199,21.267,21.6261,21.9103
10/01/2017 01:00,19.449094,22.44724655,20.067276,19.670187,19.52664757,20.42783928,22.1494,21.2694,20.1695,20.632,21.055075
10/01/2017 02:00,18.677076,21.52195168,18.94241333,18.70894814,18.58489799,19.43955278,20.7652,19.9812,19.0771,19.4801,19.8259
10/01/2017 03:00,15.261186,20.94107628,18.64413071,17.87229156,17.76173592,18.80480862,20.6354,20.0676,18.6044,19.2285,19.633975
10/01/2017 04:00,17.785663,20.94322205,19.36645699,18.39123535,18.24873161,19.2374115,21.4628,21.0296,19.2103,19.7492,20.362975
10/01/2017 05:00,16.04848,22.59576797,21.99989319,20.98715973,20.79584503,21.59466648,23.1691,23.0664,21.2384,21.5064,22.245075
10/01/2017 06:00,29.182473,28.08080482,26.49006271,29.0181675,25.26039505,27.21235752,31.2761,31.55,26.8054,27.2132,29.211175
10/01/2017 07:00,29.0234,33.11838913,29.65779877,33.99718094,28.67259216,31.36149025,36.3226,36.6193,32.1096,32.7959,34.46185
10/01/2017 08:00,28.33489,31.63726044,30.74275017,31.2055378,29.86354828,30.86227417,33.6159,33.4418,32.1793,33.1008,33.08445
10/01/2017 09:00,29.271369,31.53190041,30.76863861,30.5075016,30.64135361,30.86234856,35.7839,34.9035,31.3447,32.403,33.608775
10/01/2017 10:00,28.294356,30.93894196,30.54545212,30.86898804,30.14406013,30.62436056,34.3889,32.5221,30.8091,31.3254,32.261375
10/01/2017 11:00,27.7535,29.63890457,29.15405655,29.24512291,28.51282883,29.13772821,33.9593,32.0461,29.6016,29.4835,31.272625
10/01/2017 12:00,25.789712,28.32840919,28.26073265,26.60351563,26.33719254,27.3824625,32.1081,29.4377,27.3442,26.9406,28.95765
10/01/2017 13:00,24.508587,27.69630623,27.96241951,25.71780014,25.22715378,26.65091991,29.9283,29.4945,25.2092,24.9922,27.40605
10/01/2017 14:00,24.174932,26.741045,27.2446785,24.35917854,24.93179893,25.81917524,26.6828,26.8734,23.9144,23.8019,25.318125
10/01/2017 15:00,23.750225,26.79705238,27.08940315,24.14234924,24.56472206,25.64838171,26.5062,26.3895,23.3656,23.1312,24.848125
10/01/2017 16:00,24.061984,27.06365395,28.37979126,26.03541565,24.85551071,26.58359289,28.3111,28.5455,24.7058,24.1036,26.4165
10/01/2017 17:00,30.780053,29.86049652,33.93253326,36.12152481,30.39572334,32.57756948,37.7845,38.8501,34.1401,34.0265,36.2003
10/01/2017 18:00,28.669072,31.6349411,33.72254944,35.25538254,31.85405731,33.1167326,36.3497,35.5192,34.8383,35.3907,35.524475
10/01/2017 19:00,25.933365,30.54111481,31.06406212,30.02073669,30.14022827,30.44153547,33.6478,34.2041,30.7713,30.819,32.36055
10/01/2017 20:00,25.264682,28.17053986,29.44613647,28.30200005,28.43257904,28.58781385,30.9747,30.8257,26.7563,26.8123,28.84225
10/01/2017 21:00,23.324881,26.68144226,27.12433815,24.8233223,26.13147163,26.19014359,28.194,28.3981,24.366,24.0771,26.2588
10/01/2017 22:00,21.945909,25.16281509,24.22226906,22.39749908,23.69171715,23.8685751,25.937,24.9729,23.2124,22.644,24.191575
10/01/2017 23:00,21.091704,23.40493011,21.99978447,19.96496964,22.19228363,21.89049196,24.107,23.2282,20.7111,20.9226,22.242225
11/01/2017 00:00,21.268355,17.48252678,19.3920517,19.99778557,20.03118706,19.22588778,20.9154,20.4112,19.2566,19.2753,19.964625
11/01/2017 01:00,20.944183,17.05556488,19.19924545,18.92538834,18.95576096,18.53398991,20.1539,19.0501,18.1504,19.0102,19.09115
11/01/2017 02:00,20.677498,16.03208923,18.74187279,18.41594124,18.34449387,17.88359928,19.3186,17.9264,17.1104,18.1452,18.12515
11/01/2017 03:00,20.762478,15.63548279,17.85055733,17.30131721,18.19191933,17.24481916,18.9432,17.7737,16.0232,17.1606,17.475175
11/01/2017 04:00,21.53046,16.04436493,18.07923889,17.69259071,18.50510979,17.58032608,19.3047,18.1599,16.8243,17.811,18.024975
11/01/2017 05:00,22.356647,17.97038269,20.09581757,19.47714806,20.40350342,19.48671293,19.2613,18.505,17.4808,18.1295,18.34415
11/01/2017 06:00,27.081667,21.52074814,23.94880486,23.06400299,23.65240479,23.04649019,25.2466,26.2939,23.3834,23.527,24.612725
11/01/2017 07:00,32.171481,24.21212006,26.12284279,25.24490929,26.23693466,25.4542017,28.0134,29.1387,26.7356,27.4093,27.82425
11/01/2017 08:00,28.553303,23.7492485,26.49164391,25.80105209,27.26902771,25.82774305,28.0129,27.7302,26.3507,26.6587,27.188125
11/01/2017 09:00,27.098458,24.37462997,26.96245003,26.59019089,27.90080452,26.45701885,27.6948,28.0122,27.1573,27.3936,27.564475
11/01/2017 10:00,26.962336,24.45915985,27.4596386,26.20272446,28.0862236,26.55193663,26.9876,27.9681,25.5896,26.0354,26.645175
11/01/2017 11:00,24.745499,24.06895828,26.56963921,26.3729248,27.52294922,26.13361788,26.6618,27.2025,23.6155,23.2355,25.178825
11/01/2017 12:00,23.905914,24.32484818,26.11674118,24.43379593,26.54155159,25.35423422,25.68,25.6218,21.3547,21.0164,23.418225
11/01/2017 13:00,23.626367,24.24353027,25.62148285,23.35510635,25.89916229,24.77982044,24.5886,24.7917,19.0853,18.6933,21.789725
11/01/2017 14:00,23.587652,23.45337868,25.20794106,23.95558739,25.30735588,24.48106575,23.674,24.1578,16.9408,17.4046,20.5443
11/01/2017 15:00,23.555694,23.39949226,24.71235275,23.51040649,25.09371948,24.17899275,23.4604,24.2722,16.0041,16.2033,19.985
11/01/2017 16:00,23.595055,23.92775726,25.7472229,23.61301422,25.91596985,24.80099106,22.8702,23.3298,17.0452,16.5402,19.94635
11/01/2017 17:00,30.87931,27.38974762,29.05753326,25.74588013,29.36096001,27.88853025,30.1422,35.1411,26.1967,26.6853,29.541325
11/01/2017 18:00,31.174929,27.87005043,28.97037315,27.73577499,29.2597847,28.45899582,28.7079,28.9029,28.3221,29.571,28.875975
11/01/2017 19:00,27.872812,26.29959679,28.23817825,28.02453995,28.11388206,27.66904926,25.1641,25.1077,25.849,26.2947,25.603875
11/01/2017 20:00,25.562114,24.33480835,27.30260277,25.72947693,27.54398346,26.22771788,21.5733,23.004,24.434,25.2079,23.5548
11/01/2017 21:00,23.862556,22.60256577,25.62810707,24.56739044,26.10510445,24.72579193,22.5022,21.5451,21.4189,22.0888,21.88875
11/01/2017 22:00,22.612099,20.87369156,22.72517014,21.59864616,24.07098007,22.31712198,22.2656,22.2341,20.3232,19.7667,21.1474
11/01/2017 23:00,20.860906,18.85919952,20.86873817,20.12847328,21.86580658,20.43055439,20.4526,22.0068,19.4305,19.7674,20.414325
12/01/2017 00:00,21.224741,18.23843575,19.87528419,20.02404594,20.21122742,19.58724833,20.5483,20.3132,19.584,19.7612,20.051675
12/01/2017 01:00,21.0938,17.37647438,18.58756638,18.99491882,19.14059639,18.52488899,19.5532,19.8875,18.7116,18.7224,19.218675
12/01/2017 02:00,20.9245,16.07733154,18.33861923,17.93349648,18.19462585,17.63601828,19.0628,19.4901,17.7562,18.0663,18.59385
12/01/2017 03:00,21.119933,15.57275677,18.48009491,17.75542068,17.67422676,17.37062478,18.8294,19.5801,17.3554,17.7329,18.37445
12/01/2017 04:00,21.332156,16.02666855,19.31297874,17.98983955,18.4172821,17.93669224,19.2935,20.2089,18.6061,18.7602,19.217175
12/01/2017 05:00,22.990695,18.24842644,21.1210556,19.72899246,20.64103317,19.93487692,19.1808,21.4491,20.102,20.483,20.303725
12/01/2017 06:00,30.433545,22.37104797,24.46714211,24.85917473,24.76546097,24.11570644,23.8549,25.3609,25.2015,25.8731,25.0726
12/01/2017 07:00,30.768267,24.95589066,26.91432953,26.8882885,27.37713814,26.53391171,30.6346,28.2583,28.1377,29.439,29.1174
12/01/2017 08:00,26.807181,25.48415565,26.92747688,26.14979935,27.23316956,26.44865036,27.1234,27.8396,27.0398,27.8837,27.471625
12/01/2017 09:00,26.26344,26.18771744,26.77018738,26.91498184,27.34322166,26.80402708,27.6245,27.4243,27.8646,28.3487,27.815525
12/01/2017 10:00,26.802479,26.20160484,26.42642593,26.86395454,27.24959755,26.68539572,27.6125,26.9982,28.4318,28.8046,27.961775
12/01/2017 11:00,26.177724,25.42725945,26.20487022,26.34196472,26.48423386,26.11458206,25.9882,26.148,27.4432,27.5397,26.779775
12/01/2017 12:00,25.661781,24.855896,25.81881905,25.33883476,25.72461319,25.43454075,25.2097,24.4913,25.809,26.2156,25.4314
12/01/2017 13:00,25.484569,24.58988571,25.1169281,24.72220993,25.14389801,24.89323044,25.142,24.7364,25.3797,25.5641,25.20555
12/01/2017 14:00,25.080985,24.45379066,24.60541344,25.25475311,24.41384506,24.68195057,24.8706,25.2892,24.141,23.8665,24.541825
12/01/2017 15:00,24.868132,24.36751938,24.56487274,24.64044952,24.1882515,24.44027328,25.4348,24.057,23.9985,23.2204,24.177675
12/01/2017 16:00,25.049636,25.77038765,25.82045364,26.28972816,25.28756142,25.79203272,26.721,26.2165,25.0568,24.7055,25.67495
12/01/2017 17:00,34.666262,29.65886879,29.89575386,31.46874619,31.98049927,30.75096703,33.3796,36.2274,31.8007,31.8166,33.306075
12/01/2017 18:00,33.306119,29.4865818,31.84851074,31.79156685,30.76120949,30.97196722,33.7366,32.6276,32.1416,33.1387,32.911125
12/01/2017 19:00,30.853593,27.93403625,29.6157608,30.77288055,28.46683693,29.19737864,33.8417,32.0427,30.7782,31.9724,32.15875
12/01/2017 20:00,27.613845,26.5135746,28.39811325,28.87094879,28.07473755,27.96434355,32.1188,29.9938,28.7309,29.6285,30.118
12/01/2017 21:00,25.987785,24.5225029,26.6411972,25.84670639,25.99230003,25.75067663,27.2282,26.9936,26.7914,27.3308,27.086
12/01/2017 22:00,23.898807,22.04839516,24.06632042,23.39781761,23.71379471,23.30658197,23.8507,24.8235,23.6507,24.0494,24.093575
12/01/2017 23:00,22.293957,19.8125248,21.90417671,21.99828911,21.86585808,21.39521217,21.5061,22.9413,21.6848,21.9206,22.0132
13/01/2017 00:00,22.746193,21.84690094,20.94189453,21.80425072,21.46512032,21.51454163,22.5745,21.69,21.911,21.7528,21.982075
13/01/2017 01:00,22.835937,20.88586807,20.78478241,20.9795723,20.82432938,20.86863804,21.3592,21.4652,21.1927,21.2426,21.314925
13/01/2017 02:00,22.682576,19.88204956,19.95728683,20.04616547,20.39742279,20.07073116,21.3737,21.4817,20.6397,20.8347,21.08245
13/01/2017 03:00,22.688589,19.50552368,19.49057388,20.08825111,20.56314278,19.91187286,21.9712,21.7441,21.0498,21.0389,21.451
13/01/2017 04:00,22.915205,20.10282516,20.52146149,20.53550339,21.63259888,20.69809723,22.882,23.2041,22.3304,21.9522,22.592175
13/01/2017 05:00,24.226321,22.21261406,22.89335632,22.49410439,24.57443237,23.04362679,24.9267,30.6223,24.5557,24.1502,26.063725
13/01/2017 06:00,30.985703,27.03105927,28.14753723,27.86769104,29.51004028,28.13908195,28.8549,30.5983,30.7849,30.3815,30.1549
13/01/2017 07:00,36.055213,29.91658592,29.39451408,29.3460865,32.44038773,30.27439356,32.4245,33.2649,32.4647,31.8608,32.503725
13/01/2017 08:00,35.192048,29.90311623,29.17565155,29.70464325,31.53662872,30.08000994,30.2852,29.8299,31.2688,30.9901,30.5935
13/01/2017 09:00,35.333079,30.48926926,29.23931694,29.92196465,32.20303726,30.46339703,30.0971,29.7931,32.5257,32.3293,31.1863
13/01/2017 10:00,35.959153,30.80010986,28.91955376,29.12611198,32.93537521,30.4452877,30.6271,32.1694,33.1571,32.9537,32.226825
13/01/2017 11:00,34.389856,30.35862923,28.29803085,28.62077141,31.71072006,29.74703789,29.2127,30.9178,32.236,32.0748,31.110325
13/01/2017 12:00,30.024071,29.29616547,27.89943123,27.59693336,30.70393753,28.8741169,28.3858,27.5131,30.0702,29.4469,28.854
13/01/2017 13:00,29.429577,28.905159,27.31938744,27.26215553,29.83069992,28.32935047,27.7703,27.4556,28.7116,28.4143,28.08795
13/01/2017 14:00,27.367243,28.26736069,27.28630066,26.72628784,29.18896675,27.86722898,27.1115,26.6347,28.3936,28.0431,27.545725
13/01/2017 15:00,26.835702,28.09238243,27.07184029,26.6605072,28.6127739,27.60937595,26.9748,26.4943,29.001,27.9661,27.60905
13/01/2017 16:00,29.627319,29.55058479,29.34622955,29.09290695,30.31298447,29.57567644,29.6221,28.7763,30.662,29.8401,29.725125
13/01/2017 17:00,40.000034,35.17264175,38.2516098,39.37292862,39.84907913,38.16156483,38.6399,38.9109,42.0107,41.1578,40.179825
13/01/2017 18:00,38.441237,36.76298904,39.29240417,36.38900375,40.98440933,38.35720158,36.9814,36.5559,38.8936,38.1944,37.656325
13/01/2017 19:00,40.089111,35.55691147,34.99112701,35.49318695,36.49975586,35.63524532,36.912,34.0725,36.7336,36.2948,36.003225
13/01/2017 20:00,38.700932,33.93939209,32.50216675,34.17884827,34.5813446,33.80043793,36.3571,32.7976,34.9658,34.287,34.601875
13/01/2017 21:00,35.605292,30.39769363,29.58384323,31.21669388,31.84408188,30.76057816,32.8155,29.8605,31.7039,32.1828,31.640675
13/01/2017 22:00,27.785846,26.70599174,26.81374931,26.44390297,28.18406487,27.03692722,27.4933,25.1377,28.3563,28.3443,27.3329
13/01/2017 23:00,25.882947,24.38137436,24.18037987,24.32849693,25.71012497,24.65009403,24.2225,23.3008,25.9195,26.2998,24.93565
14/01/2017 00:00,25.099122,27.06951904,25.14948654,25.56682205,26.12548256,25.97782755,24.2191,24.8946,27.4438,26.7806,25.834525
14/01/2017 01:00,24.635863,25.83327866,24.41883278,25.21214294,25.93086815,25.34878063,24.6056,24.673,27.0335,26.0544,25.591625
14/01/2017 02:00,24.523202,25.11882019,24.07121468,24.75040054,25.87450218,24.9537344,24.5631,23.8835,27.356,25.9715,25.443525
14/01/2017 03:00,24.65254,24.83522797,23.798069,24.59537697,25.76575089,24.7486062,24.7376,23.7861,27.7579,26.3864,25.667
14/01/2017 04:00,24.544862,24.86034012,24.21718216,24.09103394,25.97995377,24.78712749,24.8553,23.7711,27.1144,25.8075,25.387075
14/01/2017 05:00,25.002983,25.69571877,25.40727043,24.54359245,26.76144791,25.60200739,24.9449,25.9281,27.6277,26.2942,26.198725
14/01/2017 06:00,26.530642,28.08147812,27.5913887,26.93361664,30.08238029,28.17221594,26.2385,28.0534,29.1957,28.2517,27.934825
14/01/2017 07:00,30.084489,31.3916111,31.31345367,29.41861725,33.07170486,31.29884672,29.9617,33.1218,32.1637,31.408,31.6638
14/01/2017 08:00,33.264287,32.60193253,33.16212463,31.10346603,33.18127823,32.51220036,31.6084,32.745,32.8813,32.3753,32.4025
14/01/2017 09:00,38.077314,33.4351387,33.82276917,31.96230888,34.50004959,33.43006659,34.6154,34.0504,34.5447,34.0438,34.313575
14/01/2017 10:00,37.192947,33.29729843,33.32644653,31.91758347,34.43016052,33.24287224,34.0263,34.0664,34.3334,34.0358,34.115475
14/01/2017 11:00,36.062167,31.69778061,31.6045742,30.67227364,32.67424011,31.66221714,30.6262,32.4824,32.5143,32.181,31.950975
14/01/2017 12:00,32.98898,30.05078316,29.59525871,28.95100594,30.78233719,29.84484625,29.3909,29.4835,29.4168,28.9604,29.3129
14/01/2017 13:00,29.938291,29.22504425,28.19699669,28.17107582,29.41275215,28.75146723,28.3107,28.0422,28.2933,27.4962,28.0356
14/01/2017 14:00,28.258897,28.7739296,27.19844437,27.05102348,28.60834885,27.90793657,26.9374,26.8877,27.4862,26.2806,26.897975
14/01/2017 15:00,27.571678,28.41769218,26.86218643,27.02204323,28.43317032,27.68377304,26.7366,26.9096,26.6637,25.2829,26.3982
14/01/2017 16:00,32.842168,29.63934326,28.45614243,28.6850071,29.56950188,29.08749866,29.6397,30.0095,28.5382,27.249,28.8591
14/01/2017 17:00,37.947819,35.55716705,36.11485291,35.82463074,36.29351425,35.94754124,39.9764,39.0164,36.5713,36.7629,38.08175
14/01/2017 18:00,38.200398,37.79888916,39.37358856,38.1728096,39.17054749,38.6289587,37.0204,39.2893,35.588,36.1997,37.02435
14/01/2017 19:00,37.866473,37.62860107,37.84535599,37.63773346,36.78125381,37.47323608,36.6545,37.3991,35.825,35.7417,36.405075
14/01/2017 20:00,34.27244,35.73237991,36.76318359,36.63079834,35.58684158,36.17830086,36.9019,35.7325,35.3798,35.4251,35.859825
14/01/2017 21:00,30.100473,32.89107895,33.48369598,32.42385864,32.87518311,32.91845417,34.56,32.9956,32.6267,32.6391,33.20535
14/01/2017 22:00,25.830989,29.52973366,29.60356712,28.98798561,29.62784004,29.43728161,27.8206,28.0032,27.8144,27.8186,27.8642
14/01/2017 23:00,24.204051,27.31668091,26.87958908,26.46107674,27.9285984,27.14648628,25.1836,24.2627,26.0352,25.8291,25.32765
15/01/2017 00:00,24.340721,26.71510124,23.03891373,24.39036179,23.33628654,24.37016582,23.5584,23.3351,23.9668,23.8092,23.667375
15/01/2017 01:00,23.941845,25.50011253,23.31702995,23.52903366,23.19930458,23.88637018,22.8313,22.4305,22.8976,22.7726,22.733
15/01/2017 02:00,23.846815,24.52847481,22.79898643,23.51062965,22.70932007,23.38685274,22.312,22.3619,22.2981,22.1551,22.281775
15/01/2017 03:00,23.695416,24.12265396,22.41186333,22.69655418,22.41150475,22.91064405,22.3024,21.8996,22.2309,22.0763,22.1273
15/01/2017 04:00,23.573251,23.38858414,22.61483765,22.14579773,22.10314369,22.5630908,22.1652,21.7551,22.1938,22.0846,22.049675
15/01/2017 05:00,23.704512,23.69831085,23.2693615,22.07123756,22.2109642,22.81246853,23.204,22.3932,22.4693,22.4525,22.62975
15/01/2017 06:00,24.903056,24.36645126,24.66652107,21.9609127,23.54859734,23.63562059,22.0661,25.0996,23.5838,23.5361,23.5714
15/01/2017 07:00,26.173751,26.43624878,25.92926788,24.64865303,25.44387245,25.61451054,23.3107,26.6128,25.0567,24.9239,24.976025
15/01/2017 08:00,27.41731,28.25524521,26.81983566,25.97165871,26.78938675,26.95903158,29.5765,26.7339,26.0155,26.0459,27.09295
15/01/2017 09:00,28.51026,29.0572567,28.06164169,27.35001755,27.59033012,28.01481152,27.7706,29.6364,26.6321,26.8859,27.73125
15/01/2017 10:00,28.999899,28.70733452,28.39400864,26.74871826,28.03368378,27.9709363,27.3013,24.627,26.3736,26.1734,26.118825
15/01/2017 11:00,26.934772,27.94207573,28.0911541,25.66610909,27.42982483,27.28229094,25.8195,27.9739,24.6831,24.4367,25.7283
15/01/2017 12:00,26.365307,27.45849609,27.40291023,24.76823425,26.3488369,26.49461937,25.422,26.237,23.5707,23.145,24.593675
15/01/2017 13:00,25.66841,26.87526703,26.31836128,24.61869431,25.44152641,25.81346226,25.1422,26.364,21.8761,21.5584,23.735175
15/01/2017 14:00,25.093211,26.20867157,25.96943092,23.70715714,25.05949783,25.23618937,24.0434,24.7467,20.1104,20.1252,22.256425
15/01/2017 15:00,25.151996,26.45796204,26.03149223,24.23189163,24.97106171,25.4231019,24.4423,24.2235,19.3887,20.0798,22.033575
15/01/2017 16:00,27.375546,27.57691383,27.7368412,26.02132416,26.38034058,26.92885494,27.1411,27.1478,22.9386,24.066,25.323375
15/01/2017 17:00,37.203096,33.19541168,32.52676392,33.41088486,31.54829216,32.67033815,33.5944,32.7429,32.2058,33.2008,32.935975
15/01/2017 18:00,36.44215,35.82479477,33.66919327,35.52384949,33.5474472,34.64132118,33.3329,35.7935,32.5401,33.3921,33.76465
15/01/2017 19:00,37.267073,35.15956879,33.03039932,34.45335007,32.72719955,33.84262943,32.5957,32.9613,33.1823,33.8851,33.1561
15/01/2017 20:00,34.002825,33.70303345,32.17860413,33.05658722,32.35238266,32.82265186,29.2322,31.4686,31.857,32.7014,31.3148
15/01/2017 21:00,30.5675,30.88009262,29.81599998,29.38459969,29.90625572,29.996737,24.9029,28.508,29.5559,29.8819,28.212175
15/01/2017 22:00,26.403673,28.28455353,27.25040436,26.12587738,27.08479309,27.18640709,24.9289,24.4525,25.792,26.1846,25.3395
15/01/2017 23:00,24.277738,26.51059532,24.98339081,24.43491173,25.11620331,25.26127529,23.1965,22.8775,23.6194,23.6857,23.344775
16/01/2017 00:00,24.020527,23.69573021,24.73274231,23.3994751,24.68779182,24.12893486,21.8653,21.6817,23.3409,22.9117,22.4499
16/01/2017 01:00,23.012193,22.74010849,23.82048607,22.57578659,24.28512001,23.35537529,20.7207,21.0764,22.988,22.5501,21.8338
16/01/2017 02:00,22.871648,22.16473579,23.04747963,21.82102585,23.77766418,22.70272636,20.8613,21.1497,23.0372,22.5851,21.908325
16/01/2017 03:00,23.151055,22.12736893,22.95435524,21.41357994,23.41138458,22.47667217,20.3807,20.8294,23.2568,22.951,21.854475
16/01/2017 04:00,23.570708,22.54254913,23.79978561,22.08064842,23.75097084,23.0434885,20.2836,20.7675,23.6593,23.0772,21.9469
16/01/2017 05:00,25.579762,24.65413857,26.10257912,23.89612007,26.57488632,25.30693102,23.1049,23.1288,25.4739,25.255,24.24065
16/01/2017 06:00,33.974323,32.60280609,31.98227882,30.26582527,32.17419052,31.75627518,31.3941,31.1119,33.3698,32.6906,32.1416
16/01/2017 07:00,34.962911,37.17515564,35.52509308,34.07948685,36.04903793,35.70719337,32.8931,33.937,39.3526,38.1444,36.081775
16/01/2017 08:00,35.251622,34.19843292,36.31457138,33.23652649,36.0731163,34.95566177,33.2463,33.0906,36.0064,35.767,34.527575
16/01/2017 09:00,35.192422,33.89843369,36.50844193,32.47033691,35.76380539,34.66025448,32.2799,32.5455,35.8306,35.3632,34.0048
16/01/2017 10:00,35.957636,33.29100418,34.85190964,32.3576889,34.49819946,33.74970055,32.4259,30.5897,35.1524,35.0305,33.299625
16/01/2017 11:00,34.967053,31.68876457,32.59477234,31.26574135,32.41883087,31.99202728,31.4392,31.1385,33.4992,33.5969,32.41845
16/01/2017 12:00,32.487191,29.94846725,30.48542595,29.84686279,30.69245148,30.24330187,28.8593,28.9214,32.2248,31.9553,30.4902
16/01/2017 13:00,28.96364,29.12134552,29.09244537,28.61649513,29.2465477,29.01920843,27.9758,28.3472,31.3599,30.7383,29.6053
16/01/2017 14:00,28.378288,28.76969528,28.2358532,28.01322174,28.71437836,28.43328714,27.0458,27.175,31.0207,30.4931,28.93365
16/01/2017 15:00,27.190498,28.51464844,27.27466965,27.72784615,28.10416412,27.90533209,26.688,27.325,30.8731,30.48,28.841525
16/01/2017 16:00,28.998738,29.81713486,29.56268692,29.19612122,29.55668831,29.53315783,29.3376,29.5006,32.2733,32.4849,30.8991
16/01/2017 17:00,38.407113,35.56973648,37.48833847,36.29275894,36.4268837,36.4444294,39.747,38.3313,41.5278,41.6573,40.31585
16/01/2017 18:00,37.60011,36.07538986,38.03532028,36.55113983,38.23357773,37.22385693,38.644,36.9641,38.25,38.2039,38.0155
16/01/2017 19:00,35.728186,34.63415146,34.86639786,35.26278305,34.75976563,34.8807745,36.3145,36.503,36.8147,36.7786,36.6027
16/01/2017 20:00,32.458312,32.7750473,31.87814522,32.43407822,32.85333252,32.48515081,33.6369,34.5601,33.9209,34.0984,34.054075
16/01/2017 21:00,28.805507,29.60270309,29.20158386,29.75086021,29.20902252,29.44104242,30.1713,29.7064,29.7989,29.7758,29.8631
16/01/2017 22:00,24.458834,26.68022919,26.52070808,26.78790092,26.09202957,26.52021694,25.2013,25.9685,25.4924,24.7994,25.3654
16/01/2017 23:00,23.075334,24.52988052,24.28926849,24.31843948,24.87476921,24.50308943,22.9387,23.7356,23.2856,22.7197,23.1699
17/01/2017 00:00,22.973105,22.36693382,21.99379539,20.83189964,22.53392029,21.93163729,21.9585,21.742,21.7449,21.8751,21.830125
17/01/2017 01:00,22.234584,21.24233246,20.59291267,19.86582947,21.37213516,20.76830244,20.6571,21.091,20.7291,21.1174,20.89865
17/01/2017 02:00,22.089921,20.17237663,19.59480667,19.04409218,20.9623909,19.9434166,20.861,20.8022,19.8284,20.1131,20.401175
17/01/2017 03:00,22.178251,19.69252968,18.9297905,18.52578545,20.61354256,19.44041204,20.7857,19.8463,19.4643,19.7049,19.9503
17/01/2017 04:00,22.297709,20.00536537,18.86136246,18.95014,21.37686348,19.79843283,20.4705,20.1877,19.9203,20.1909,20.19235
17/01/2017 05:00,24.041558,22.00712204,21.20940399,20.82113647,23.57820892,21.90396786,22.5377,22.0225,21.7193,21.6983,21.99445
17/01/2017 06:00,33.596439,26.79770851,24.67328262,27.54635048,27.10187721,26.52980471,29.276,29.4035,27.7433,27.2722,28.42375
17/01/2017 07:00,34.763426,30.17087173,26.70482635,29.93638992,30.0459938,29.21452045,30.8455,29.7273,29.7808,29.7952,30.0372
17/01/2017 08:00,35.107523,29.72969246,27.74027634,28.68864632,30.73901749,29.22440815,31.5551,30.2971,28.9928,28.851,29.924
17/01/2017 09:00,33.636511,30.08176231,28.72821426,29.4260025,31.58696556,29.95573616,31.2556,31.6215,29.3452,29.1929,30.3538
17/01/2017 10:00,34.481926,29.72777176,29.07810211,29.66996574,31.82737541,30.07580376,31.6969,31.4916,30.1219,30.1754,30.87145
17/01/2017 11:00,32.549897,28.93725014,29.08252144,28.89281082,31.31824684,29.55770731,30.5905,30.3801,29.4729,29.7969,30.0601
17/01/2017 12:00,29.920467,27.93500137,28.08611488,27.54977417,30.17392349,28.43620348,28.7013,29.6059,27.7911,27.9487,28.51175
17/01/2017 13:00,27.455338,26.96483994,26.96118927,26.90884781,29.10609245,27.48524237,27.5392,28.098,26.207,26.5893,27.108375
17/01/2017 14:00,27.384036,26.43387604,26.08865738,26.6557827,28.22373199,26.85051203,26.4207,26.8656,24.185,24.9884,25.614925
17/01/2017 15:00,26.999571,26.20804405,25.19844627,25.81254005,27.77471542,26.24843645,25.9559,26.6306,23.1762,24.3801,25.0357
17/01/2017 16:00,27.844115,27.39963531,26.54688072,27.35865784,28.82930183,27.53361893,27.9682,28.8107,25.0002,25.0741,26.7133
17/01/2017 17:00,35.363829,31.64847183,32.91667175,32.7711792,34.94363022,33.06998825,38.1195,36.5658,32.6759,33.4746,35.20895
17/01/2017 18:00,36.041849,32.58581543,32.78253174,32.88835907,34.41868591,33.16884804,37.536,37.2383,31.097,32.3534,34.556175
17/01/2017 19:00,34.335875,31.76945686,29.91616821,31.17419052,32.58420944,31.36100626,35.0562,34.1132,31.2634,32.2213,33.163525
17/01/2017 20:00,29.998242,29.76982307,27.52109146,29.0921154,30.33504295,29.17951822,33.1655,31.7633,27.332,27.8275,30.022075
17/01/2017 21:00,27.309563,27.75361061,25.33760834,26.09128761,27.83550835,26.75450373,28.7496,27.6539,25.1254,24.8023,26.5828
17/01/2017 22:00,24.958992,25.18287468,22.73554802,23.46828461,25.2725029,24.16480255,24.7539,24.8093,21.7997,21.2194,23.145575
17/01/2017 23:00,23.093946,23.20353127,20.08043861,21.4985199,23.20158195,21.99601793,22.7952,23.0496,21.0454,21.0533,21.985875
18/01/2017 00:00,20.228293,22.61995316,21.70933914,22.26135445,22.44547081,22.25902939,22.0343,21.8977,21.4407,21.8448,21.804375
18/01/2017 01:00,19.606289,21.47711754,21.18595123,21.40234947,21.64649963,21.42797947,21.2766,20.7504,19.927,20.5368,20.6227
18/01/2017 02:00,18.701853,20.44141006,20.78164291,20.60301781,21.01122093,20.70932293,21.0972,20.5318,19.2831,19.7751,20.1718
18/01/2017 03:00,18.621917,20.04632759,20.42863083,20.52557182,20.51470566,20.37880898,20.4683,20.2385,18.813,19.6502,19.7925
18/01/2017 04:00,18.565997,20.54115295,20.94134521,21.31230545,20.97569084,20.94262362,21.2572,20.4473,20.1952,20.8026,20.675575
18/01/2017 05:00,20.151504,22.3581028,22.62862778,23.05086708,22.93257141,22.74254227,22.213,21.1741,21.9994,22.717,22.025875
18/01/2017 06:00,28.735244,26.44645119,26.97854614,28.0733757,27.58791351,27.27157164,28.26,27.5102,28.0452,28.8598,28.1688
18/01/2017 07:00,33.589731,28.96568298,30.56452942,30.02219391,30.50462914,30.01425886,32.056,31.6831,30.465,31.1606,31.341175
18/01/2017 08:00,34.750304,29.59930229,30.06036186,30.0848465,30.30623817,30.01268721,29.7673,29.8391,29.9221,30.7561,30.07115
18/01/2017 09:00,33.218863,30.57482147,30.42935371,31.00341034,30.97140503,30.74474764,29.4528,29.8031,30.0696,30.7673,30.0232
18/01/2017 10:00,35.081597,30.75960541,30.14765167,31.45720482,30.94885826,30.82833004,29.9923,30.4085,30.158,30.7779,30.334175
18/01/2017 11:00,33.910992,30.03698921,29.34192085,30.67647552,30.19544983,30.06270885,28.7391,29.3543,29.2268,29.868,29.29705
18/01/2017 12:00,31.418465,28.93156433,28.20012474,29.06001472,29.32240868,28.87852812,27.2791,28.0276,27.9162,28.4911,27.9285
18/01/2017 13:00,28.139915,28.22669029,27.07348633,28.4336319,28.61123657,28.08626127,25.3977,27.1222,27.1757,27.7337,26.857325
18/01/2017 14:00,27.490836,27.62361145,26.68346977,27.22867584,27.9812088,27.37924147,26.3354,26.3368,26.6858,27.4121,26.692525
18/01/2017 15:00,27.039341,27.6095047,26.91761971,27.1317749,26.92538452,27.14607096,26.0112,26.0784,26.6362,27.1046,26.4576
18/01/2017 16:00,29.138393,29.23307037,29.16746521,28.75307083,29.84809303,29.25042486,28.5428,27.6444,28.3376,29.0866,28.40285
18/01/2017 17:00,38.300882,35.91671371,38.59160233,37.27853394,38.91951752,37.67659187,38.5833,34.8865,37.6003,37.9897,37.26495
18/01/2017 18:00,37.609132,36.26150894,40.75425339,36.23638153,38.16440201,37.85413647,36.7611,36.0354,37.6509,38.3792,37.20665
18/01/2017 19:00,37.110345,34.4879837,35.8704834,35.25021744,33.81429672,34.85574532,35.433,34.0429,36.2061,36.8396,35.6304
18/01/2017 20:00,36.869514,32.71539307,32.6580925,32.28578949,31.72963333,32.3472271,33.3707,31.6289,32.1876,33.0589,32.561525
18/01/2017 21:00,30.733506,29.96105576,29.38611412,28.98566055,29.43916321,29.44299841,29.9103,28.218,28.525,29.2979,28.9878
18/01/2017 22:00,26.417482,26.57542229,26.54282761,25.9016552,26.23304367,26.31323719,25.1634,24.494,25.4062,25.753,25.20415
18/01/2017 23:00,24.439337,24.17711067,24.29750824,24.24786568,23.59587288,24.07958937,22.2594,22.5948,23.5245,24.0117,23.0976
19/01/2017 00:00,23.699976,23.38562965,21.8101387,22.49881744,23.17160034,22.71654654,22.6791,21.6291,22.1432,22.583,22.2586
19/01/2017 01:00,22.929678,22.56356812,20.92802429,21.48978043,22.44076729,21.85553503,20.933,20.6429,21.0828,21.1849,20.9609
19/01/2017 02:00,22.435476,21.93811417,19.5545826,20.08876991,21.89502335,20.86912251,20.2736,19.2635,20.0421,19.9435,19.880675
19/01/2017 03:00,22.544208,21.75131989,18.86335373,19.91358566,21.9635334,20.62294817,20.935,19.0167,20.0255,19.7602,19.93435
19/01/2017 04:00,22.882955,22.45179176,19.26792526,20.75371933,22.81847954,21.32297897,21.6176,19.8296,20.5311,20.4008,20.594775
19/01/2017 05:00,25.015005,24.7637558,22.46762085,22.89257813,25.47185898,23.89895344,21.7381,21.1352,22.1614,22.243,21.819425
19/01/2017 06:00,37.893224,31.23306274,30.80187035,30.31332779,32.87828064,31.30663538,29.4012,30.0913,30.1691,29.9374,29.89975
19/01/2017 07:00,43.901049,34.85931396,35.35312653,33.97525787,35.3884201,34.89402962,34.6566,35.2965,35.1198,35.1449,35.05445
19/01/2017 08:00,38.116317,33.22023773,33.28234482,32.177948,34.17231369,33.21321106,32.3411,34.2084,32.8572,33.0552,33.115475
19/01/2017 09:00,36.770519,32.855896,32.57162857,31.79892159,34.38380432,32.90256262,32.3594,33.8662,32.4693,32.2287,32.7309
19/01/2017 10:00,36.249068,32.34413147,31.99602509,31.69114113,34.0637207,32.5237546,31.8444,32.6478,32.3332,31.9201,32.186375
19/01/2017 11:00,35.348442,31.03101158,30.67161369,29.83314896,32.17404175,30.92745399,30.9546,31.799,31.1705,30.5506,31.118675
19/01/2017 12:00,31.428757,29.49696541,28.89809036,28.08935547,30.19228554,29.16917419,29.1096,29.2863,28.7947,28.3083,28.874725
19/01/2017 13:00,27.576966,28.22803116,27.55176163,27.08839417,28.66735077,27.88388443,27.4624,28.2012,27.6718,26.6497,27.496275
19/01/2017 14:00,26.997055,27.99686813,27.00324631,26.69791412,27.6268425,27.33121777,26.3815,27.3506,27.1934,25.8499,26.69385
19/01/2017 15:00,27.072921,27.34563637,26.43148994,26.26565933,26.75431252,26.69927454,26.2598,26.9779,26.6477,25.2451,26.282625
19/01/2017 16:00,27.87399,29.04419136,28.30212212,28.32587814,28.27118492,28.48584414,29.0468,29.5197,28.0505,26.7262,28.3358
19/01/2017 17:00,39.811707,36.34062576,35.64684677,36.65285873,35.91527176,36.13890076,39.2336,38.6978,37.9079,36.3636,38.050725
19/01/2017 18:00,39.805554,37.20100021,35.72968674,34.83116913,37.9265976,36.42211342,36.6514,37.3174,36.6085,36.2075,36.6962
19/01/2017 19:00,36.582176,35.64044189,34.26896667,33.47428894,34.95199966,34.58392429,35.6409,35.7994,34.7947,34.4377,35.168175
19/01/2017 20:00,35.470219,33.18161011,32.05002975,32.35360718,32.59316635,32.54460335,33.3786,34.069,33.0192,32.3103,33.194275
19/01/2017 21:00,28.572618,29.95224762,28.77358437,28.98383141,29.41357422,29.2808094,30.0309,29.647,29.502,28.806,29.496475
19/01/2017 22:00,25.170373,26.68287659,25.41999245,26.18631935,26.00804901,26.07430935,25.1188,25.4193,25.2626,24.8693,25.1675
19/01/2017 23:00,24.497305,24.40403748,22.78197479,24.00149345,24.04564285,23.80828714,23.0333,22.8716,23.5255,23.7079,23.284575
20/01/2017 00:00,23.281355,21.79584122,22.66797638,22.23826981,22.07623672,22.19458103,22.8553,22.4747,21.9389,22.2913,22.39005
20/01/2017 01:00,22.329975,20.95006561,21.40995598,21.0075779,21.4740181,21.2104044,20.9484,20.8767,20.3561,20.4405,20.655425
20/01/2017 02:00,22.360417,20.20130157,19.81325722,20.10301018,20.71272087,20.20757246,21.1142,20.8603,19.3868,19.291,20.163075
20/01/2017 03:00,22.080079,20.10073853,19.89269447,19.7326355,20.31065178,20.00918007,20.7933,19.6381,19.1939,19.1025,19.68195
20/01/2017 04:00,22.572102,20.79197311,20.46713448,20.08475876,21.38351631,20.68184566,21.7305,20.5006,19.6063,19.5331,20.342625
20/01/2017 05:00,23.874758,22.69404984,22.62889862,22.27710724,24.16786766,22.94198084,21.9082,22.2797,20.9427,20.8503,21.495225
20/01/2017 06:00,35.390476,30.67995453,29.39570427,31.20519638,31.18148232,30.61558437,27.7072,29.9193,27.5954,28.4386,28.415125
20/01/2017 07:00,38.683017,34.7921524,33.51903152,36.29482651,36.02193451,35.15698624,31.6325,33.8817,33.3656,34.1269,33.251675
20/01/2017 08:00,37.279792,32.06303406,32.33291245,33.14306641,33.93123627,32.86756229,31.5305,31.1753,31.5575,32.3917,31.66375
20/01/2017 09:00,37.188272,32.13160324,32.26880646,32.49766159,34.92242813,32.95512486,31.9176,31.6122,31.7073,32.2524,31.872375
20/01/2017 10:00,36.638293,31.85562706,32.29183197,32.2529335,34.41667557,32.70426702,31.4531,30.9002,30.72,31.474,31.136825
20/01/2017 11:00,33.210187,30.36833,30.82884789,30.68467522,32.48723221,31.09227133,30.1593,29.2305,28.9777,29.4888,29.464075
20/01/2017 12:00,29.78032,28.9313221,29.58086395,28.71087646,30.40751839,29.40764523,28.3844,27.6482,26.3046,27.038,27.3438
20/01/2017 13:00,27.632676,27.69041824,27.94148827,27.10116386,29.05325317,27.94658089,26.6649,26.9907,25.6843,25.2697,26.1524
20/01/2017 14:00,27.357827,26.70673561,27.25069046,26.23058891,28.13555527,27.08089256,25.8532,25.1976,24.8302,24.4961,25.094275
20/01/2017 15:00,27.701552,25.87851143,27.13274002,26.42979431,27.23607063,26.6692791,25.5914,25.4663,24.3299,23.2784,24.6665
20/01/2017 16:00,29.05356,26.05654335,28.2192421,27.47309113,28.60343552,27.58807802,27.7415,27.5478,24.6175,24.399,26.07645
20/01/2017 17:00,38.340439,30.60474586,34.19024658,35.06523514,36.24303055,34.02581453,35.845,34.9137,34.6677,35.0758,35.12555
20/01/2017 18:00,37.805099,32.12997437,33.83347321,34.23591995,37.0417099,34.31026936,34.306,33.0145,33.1788,33.8722,33.592875
20/01/2017 19:00,33.005773,32.75093842,31.11623955,32.62895203,34.18630981,32.67060995,32.1265,31.714,30.2461,31.1849,31.317875
20/01/2017 20:00,29.572754,31.0707798,29.88674927,31.61387253,32.87099838,31.36059999,30.4914,30.1264,27.6305,28.5712,29.204875
20/01/2017 21:00,26.240533,27.82069016,26.83219147,27.91172981,30.1592598,28.18096781,27.0106,26.8824,25.353,25.2888,26.1337
20/01/2017 22:00,24.595856,25.04787445,23.90364838,25.16281509,26.6426506,25.18924713,23.9758,23.6536,23.9059,23.6757,23.80275
20/01/2017 23:00,22.929745,23.18474197,21.90124512,23.27800751,24.51537132,23.21984148,22.756,22.0623,22.7573,22.9946,22.64255
21/01/2017 00:00,21.908603,22.73000717,22.30225754,21.86885643,21.04688835,21.98700237,22.2661,22.5256,21.6976,21.8963,22.0964
21/01/2017 01:00,21.304545,21.45985031,21.56543922,20.84602737,19.90446663,20.94394588,21.5267,22.1044,20.1075,20.4819,21.055125
21/01/2017 02:00,20.572759,20.55073166,20.38622475,19.51233101,19.08124352,19.88263273,20.9153,21.0575,19.3227,19.4804,20.193975
21/01/2017 03:00,20.682012,20.06055832,19.95523071,18.67409515,18.64082909,19.33267832,20.6509,22.1225,18.6626,19.0569,20.123225
21/01/2017 04:00,20.750364,20.33838654,19.30011559,18.99135208,18.77248955,19.35058594,20.5633,21.807,18.7996,18.9711,20.03525
21/01/2017 05:00,21.43218,21.67959023,20.3377533,20.09177017,20.06965828,20.54469299,20.5752,22.0505,18.8256,18.9885,20.10995
21/01/2017 06:00,23.0169,24.03679466,23.46580505,22.06215477,22.98916626,23.13848019,21.2991,22.9325,20.2512,21.0279,21.377675
21/01/2017 07:00,24.85707,25.92914009,26.41990471,24.3186264,26.0912571,25.68973207,23.3044,24.9504,21.8841,22.5969,23.18395
21/01/2017 08:00,25.518401,27.09084702,28.4168663,27.04516602,27.70585632,27.56468391,26.3945,27.2441,25.9301,26.4648,26.508375
21/01/2017 09:00,27.583526,28.19894791,29.4853344,28.28686523,28.65499496,28.65653563,29.5098,26.9742,27.8281,27.8862,28.049575
21/01/2017 10:00,27.342855,28.45859909,29.84108353,27.74842072,28.51577187,28.6409688,29.165,28.2233,28.2862,27.6795,28.3385
21/01/2017 11:00,27.489642,27.99242401,28.8611927,26.98264503,27.32183647,27.78952456,28.1534,27.3148,26.0304,25.3512,26.71245
21/01/2017 12:00,25.561809,26.93729782,27.21965218,25.88686371,25.88458252,26.48209906,26.3882,24.7985,22.9939,22.9525,24.283275
21/01/2017 13:00,24.673732,26.2452507,25.92705917,24.32035065,24.85773277,25.33759832,24.7799,24.0824,21.3509,20.5583,22.692875
21/01/2017 14:00,24.05347,25.86718178,25.44181824,24.257061,23.90632629,24.86809683,24.0976,23.4439,20.7618,20.191,22.123575
21/01/2017 15:00,23.808767,25.98823547,24.81789207,24.07386208,23.82600594,24.67649889,24.2595,23.3822,20.8367,19.5796,22.0145
21/01/2017 16:00,24.12515,27.20431519,26.48591805,25.59351158,25.25015831,26.13347578,25.6414,24.7809,22.3273,21.52,23.5674
21/01/2017 17:00,31.28928,30.57302094,31.54479408,32.75335693,30.3871727,31.31458616,32.3366,28.4866,29.4999,30.0665,30.0974
21/01/2017 18:00,29.628358,29.90688324,32.6544075,32.18712997,32.16830063,31.72918034,30.8384,32.0842,29.9521,30.2306,30.776325
21/01/2017 19:00,26.428698,30.42631721,30.82969093,29.51241684,30.62854195,30.34924173,29.9413,28.7055,29.6369,29.6547,29.4846
21/01/2017 20:00,25.65246,29.60242081,28.79909325,27.98321915,28.80238914,28.79678059,27.3899,25.7787,27.3026,27.4426,26.97845
21/01/2017 21:00,24.153833,27.85776901,26.28343964,25.51842308,26.10275269,26.4405961,25.3147,23.5045,23.0852,22.5718,23.61905
21/01/2017 22:00,22.41999,25.06964493,23.79786682,23.62973213,22.95915985,23.86410093,23.344,22.0743,22.5019,22.0177,22.484475
21/01/2017 23:00,20.81805,23.33385277,22.10751724,21.64639664,20.94528008,22.00826168,22.0219,21.2715,21.6364,21.3819,21.577925
22/01/2017 00:00,20.409284,19.87318993,19.07918167,20.2480011,19.65280724,19.71329498,20.9033,20.5434,20.3887,20.3476,20.54575
22/01/2017 01:00,20.009369,18.75687408,17.87701797,19.47150421,18.90085983,18.75156403,20.8906,19.9096,19.1397,19.3285,19.8171
22/01/2017 02:00,19.818398,17.36804008,16.64451408,18.32881737,18.57349968,17.7287178,20.2325,19.7612,18.0166,18.2694,19.069925
22/01/2017 03:00,19.593708,16.36079788,16.10614967,17.70204544,18.51638985,17.17134571,20.3713,19.4545,17.4564,17.8713,18.788375
22/01/2017 04:00,19.861029,16.39530563,16.28746033,18.21372986,18.69898796,17.39887094,20.3137,19.5815,17.8363,18.0397,18.9428
22/01/2017 05:00,19.948018,17.55599594,17.56104279,18.71314621,19.51543045,18.33640385,19.5372,19.1915,18.2572,18.2691,18.81375
22/01/2017 06:00,19.906799,18.27576065,18.93480492,18.67412186,20.84438133,19.18226719,18.5978,15.0002,18.3239,17.6433,17.3913
22/01/2017 07:00,21.503756,20.02424622,20.95272255,19.86360931,22.68444633,20.8812561,17.3854,17.3048,18.4889,17.8572,17.759075
22/01/2017 08:00,22.101823,22.61488724,22.72710991,21.71870422,23.7385006,22.69980049,20.2507,21.2331,21.8106,21.5541,21.212125
22/01/2017 09:00,23.102161,24.02214813,23.90806007,22.98063469,24.58630753,23.87428761,24.8508,23.8577,23.3893,22.6576,23.68885
22/01/2017 10:00,23.312267,24.33360291,24.53281784,23.15796661,24.94021034,24.24114943,26.0191,25.8639,23.8467,22.6473,24.59425
22/01/2017 11:00,23.751748,23.94906044,24.93501663,24.06279755,24.63773918,24.39615345,26.3006,24.6875,23.4262,22.7185,24.2832
22/01/2017 12:00,23.63444,23.97356415,24.64890862,23.70340729,24.03915405,24.09125853,25.1962,24.6046,22.5263,22.2405,23.6419
22/01/2017 13:00,23.216043,23.56502914,24.24728775,23.8307724,23.61203384,23.81378078,24.1632,23.9126,22.1176,21.2497,22.860775
22/01/2017 14:00,22.874374,22.91686249,24.06116867,22.62979507,23.47386932,23.27042389,23.7015,23.3018,22.0219,20.9475,22.493175
22/01/2017 15:00,22.740538,23.20185852,23.42497635,23.12883759,23.64068222,23.34908867,23.7442,23.1955,22.187,21.6615,22.69705
22/01/2017 16:00,23.793293,24.34310532,24.57641411,24.81160355,25.15080452,24.72048187,25.4307,24.7185,23.553,22.5274,24.0574
22/01/2017 17:00,29.169226,27.42012405,30.2315979,28.27499008,30.04168892,28.99210024,34.1314,33.7842,32.7698,32.0293,33.178675
22/01/2017 18:00,28.782027,28.38892365,29.82081985,27.01090622,30.1840992,28.85118723,31.3148,31.5954,31.9303,32.4023,31.8107
22/01/2017 19:00,26.787765,28.92041397,27.80417252,27.67258072,28.23904228,28.15905237,29.9295,29.4818,30.6979,31.2027,30.327975
22/01/2017 20:00,25.499742,29.11694527,26.55943871,27.07024956,26.72112274,27.36693907,28.7739,27.1351,29.3991,29.1941,28.62555
22/01/2017 21:00,22.569677,26.470644,24.63669014,24.84144211,25.00836563,25.23928547,26.0224,25.0095,25.5692,24.7632,25.341075
22/01/2017 22:00,21.295691,23.42219162,22.58979034,22.5377121,23.51096916,23.01516581,23.4942,22.2047,22.5321,22.2728,22.62595
22/01/2017 23:00,19.540489,21.32872391,20.18164444,21.21912766,22.21298409,21.23562002,22.2318,20.7437,21.1015,20.9962,21.2683
23/01/2017 00:00,19.008401,20.38529205,19.40322495,20.59281731,18.33315468,19.67862225,19.8904,19.4741,19.7431,19.7263,19.708475
23/01/2017 01:00,18.767511,19.46342087,19.55790329,19.50638771,17.78629112,19.07850075,19.5495,19.074,19.4618,19.3366,19.355475
23/01/2017 02:00,18.328085,18.85811424,19.25257874,19.03315544,16.78235626,18.48155117,18.9596,18.9596,19.0719,18.9417,18.9832
23/01/2017 03:00,18.158136,18.89645576,20.03845215,18.69084358,16.19487,18.45515537,19.3697,18.822,19.3451,19.1843,19.180275
23/01/2017 04:00,18.970572,19.90742683,21.34570313,19.95271683,17.77155113,19.74434948,19.7,19.538,20.3025,20.0789,19.90485
23/01/2017 05:00,20.532537,22.40380669,23.19779968,21.93360329,21.50093079,22.25903511,20.0412,20.7685,21.8969,21.8367,21.135825
23/01/2017 06:00,25.879802,27.91235542,26.52828979,28.96500969,26.51512718,27.48019552,25.5257,27.4279,26.9323,27.0357,26.7304
23/01/2017 07:00,27.579912,30.3406086,28.34081268,29.70410538,28.63496399,29.25512266,28.5195,28.8604,29.2242,28.9964,28.900125
23/01/2017 08:00,27.32665,29.62699699,29.03968811,28.86816216,28.09896278,28.90845251,27.7335,28.5647,29.284,29.3094,28.7229
23/01/2017 09:00,30.008353,30.09667397,29.37863541,29.67228127,28.81439018,29.4904952,30.1408,28.3703,30.0619,30.268,29.71025
23/01/2017 10:00,29.222771,30.59892273,29.93509865,30.43702126,29.61188316,30.14573145,30.052,30.327,31.1907,31.3162,30.721475
23/01/2017 11:00,29.310044,30.10086441,29.2243576,30.39936066,29.25081062,29.74384832,29.5503,30.3394,31.2897,31.2551,30.608625
23/01/2017 12:00,28.519535,29.29280853,28.24982643,29.64670372,28.43663216,28.90649271,28.3218,28.2649,30.0806,29.924,29.147825
23/01/2017 13:00,27.046619,28.77919769,27.66710091,28.12438774,27.32811737,27.97470093,26.4797,27.0484,29.921,29.3615,28.20265
23/01/2017 14:00,25.986366,28.31890297,27.17291069,27.59890747,27.13668633,27.55685186,26.2011,26.1502,29.2721,28.5789,27.550575
23/01/2017 15:00,25.793785,28.02158356,26.79833221,27.42644119,26.02845001,27.06870174,26.0331,25.8014,29.4351,28.5439,27.453375
23/01/2017 16:00,27.112662,29.64433098,28.69919205,29.19182014,31.04840088,29.64593601,28.1583,28.2062,30.8313,30.3548,29.38765
23/01/2017 17:00,31.768562,36.61885452,35.75377274,41.74786758,39.39445114,38.3787365,37.9374,39.072,39.6088,38.908,38.88155
23/01/2017 18:00,32.16782,35.99955368,36.03855133,37.52310181,37.46062851,36.75545883,35.0278,37.4425,37.4976,37.1477,36.7789
23/01/2017 19:00,30.746401,34.67406082,33.08703995,33.64319611,33.32925415,33.68338776,33.3936,33.6153,35.8596,35.1768,34.511325
23/01/2017 20:00,29.133888,33.44448853,30.31443596,31.70942879,31.2026844,31.66775942,31.344,32.3651,32.5427,31.9543,32.051525
23/01/2017 21:00,25.497982,29.16042519,27.51847649,26.94502831,27.83892822,27.86571455,28.0776,28.4146,28.7919,28.4452,28.432325
23/01/2017 22:00,23.383029,25.60927582,24.99158859,24.30071831,24.38250923,24.82102299,24.9312,23.486,24.6125,24.613,24.410675
23/01/2017 23:00,22.05369,23.37512589,23.51582336,22.29051399,22.66818047,22.96241093,22.8242,22.4043,22.2353,22.1699,22.408425
24/01/2017 00:00,22.424862,21.63001823,21.9046936,21.65121651,21.20423508,21.59754086,21.0704,20.9175,21.4933,21.3698,21.21275
24/01/2017 01:00,21.91352,20.67970085,21.74139595,20.73622513,20.85018349,21.00187635,20.2291,20.2165,21.3536,21.4729,20.818025
24/01/2017 02:00,21.886965,20.04099846,20.93115425,19.86996269,20.2918129,20.28348207,19.404,19.7334,21.1356,21.174,20.36175
24/01/2017 03:00,21.84064,19.92338562,20.92419243,19.71508789,20.35788155,20.23013687,19.4573,19.7682,21.1397,21.2202,20.39635
24/01/2017 04:00,22.361113,20.53073692,21.13084793,20.53019524,22.02361107,21.05384779,19.9085,20.6033,21.9658,21.9454,21.10575
24/01/2017 05:00,24.178132,22.71109962,23.82653809,22.80578232,24.43200684,23.44385672,21.346,23.0338,23.6587,23.6412,22.919925
24/01/2017 06:00,32.767923,29.49282265,28.67048454,29.3058815,30.07419395,29.38584566,27.4961,30.7882,29.8778,29.1171,29.3198
24/01/2017 07:00,32.94855,32.83478165,30.90795135,31.83678627,32.14545059,31.93124247,31.307,32.8503,32.327,31.768,32.063075
24/01/2017 08:00,30.219199,31.87850571,31.39213753,30.27348709,32.07885361,31.40574598,30.3273,32.044,31.0265,31.4369,31.208675
24/01/2017 09:00,33.297226,32.28001022,31.38848877,30.78738785,31.93405914,31.5974865,32.4544,33.1473,31.2661,31.5825,32.112575
24/01/2017 10:00,31.072528,32.27526093,30.91144753,30.3852272,31.89118576,31.36578035,31.7455,33.8435,31.4889,31.5114,32.147325
24/01/2017 11:00,30.187563,31.22335243,30.15148735,29.99936295,31.10330772,30.61937761,31.33,31.655,30.6825,30.9971,31.16615
24/01/2017 12:00,28.414989,29.79973793,29.40835762,28.38897324,29.97310638,29.39254379,29.1304,30.3587,29.0654,29.2022,29.439175
24/01/2017 13:00,26.980624,28.75922203,28.38622856,28.02872086,29.00006294,28.5435586,27.8716,28.5414,28.2188,28.1298,28.1904
24/01/2017 14:00,26.232143,28.16017342,27.68843651,27.5531559,28.2028141,27.90114498,26.8767,27.4593,27.9531,27.815,27.526025
24/01/2017 15:00,25.747409,27.64057732,26.98253441,26.59403992,27.43427849,27.16285753,26.536,27.1583,27.714,27.7986,27.301725
24/01/2017 16:00,26.339128,28.28249741,28.68990517,28.07317543,28.73106575,28.44416094,28.5472,28.6092,29.3684,29.2052,28.9325
24/01/2017 17:00,36.482452,32.13452148,35.39770508,32.62266922,35.77291489,33.98195267,38.029,39.0058,36.5543,36.4475,37.50915
24/01/2017 18:00,36.12091,33.6764183,36.08242798,33.15121078,35.43560791,34.58641624,35.4774,36.6215,36.1262,35.7333,35.9896
24/01/2017 19:00,32.414293,33.45938492,33.17343903,33.41525269,33.02783203,33.26897717,34.1451,34.5824,34.0418,34.3832,34.288125
24/01/2017 20:00,28.519248,33.09757233,31.05987167,30.96338654,31.15906334,31.56997347,32.2779,32.0406,32.6103,32.4183,32.336775
24/01/2017 21:00,26.053431,29.66633797,28.68403435,28.04838943,28.43380165,28.70814085,29.0006,28.7327,29.14,28.903,28.944075
24/01/2017 22:00,24.313149,25.97498512,25.87192345,24.92394447,25.39032745,25.54029512,25.5833,24.4676,25.1566,25.1692,25.094175
24/01/2017 23:00,22.787654,23.42040825,24.03767014,23.14118767,23.57163048,23.54272413,23.5253,22.8472,23.4257,23.3454,23.2859
25/01/2017 00:00,22.344371,21.82554436,23.00967789,22.32416534,21.50937271,22.16719007,21.3683,21.1338,21.6166,21.5096,21.407075
25/01/2017 01:00,21.683687,20.84253502,22.20196915,21.34921646,20.84355545,21.30931902,20.0774,20.0885,21.1394,21.2328,20.634525
25/01/2017 02:00,21.789131,20.27085876,21.70926476,20.71077728,20.62330055,20.82855034,20.1735,19.8734,20.6797,20.5566,20.3208
25/01/2017 03:00,21.664164,20.36174583,21.38188934,20.77133179,20.57151413,20.77162027,19.369,19.5599,20.6083,20.4746,20.00295
25/01/2017 04:00,21.912528,20.91444588,20.88265419,21.21013641,21.2064476,21.05342102,19.866,20.1831,21.2344,21.0078,20.572825
25/01/2017 05:00,24.043576,22.88222122,22.58930969,23.18789864,23.47803116,23.03436518,20.8155,22.7926,22.6218,22.6194,22.212325
25/01/2017 06:00,33.694519,28.95388031,28.78401947,29.74051094,31.19379044,29.66805029,28.7386,31.5821,29.5544,29.3954,29.817625
25/01/2017 07:00,35.071209,32.25620651,32.23705673,33.20284653,32.6883316,32.59611034,32.2058,33.1208,32.1739,32.3668,32.466825
25/01/2017 08:00,32.180465,30.46111107,30.98097801,31.54416656,30.41815758,30.85110331,30.3053,30.9206,29.926,30.301,30.363225
25/01/2017 09:00,29.880581,30.05104637,31.01896477,31.46892929,29.66262627,30.55039167,29.6526,30.7135,29.9723,30.4613,30.199925
25/01/2017 10:00,28.137457,29.48229599,30.62887573,30.74097061,28.73774529,29.8974719,30.483,30.46,29.0846,29.5389,29.891625
25/01/2017 11:00,27.472296,28.05584717,28.87137604,29.26338196,28.05402565,28.5611577,29.4156,29.1431,27.7415,27.7623,28.515625
25/01/2017 12:00,26.358577,26.72473335,27.16399765,27.95074272,27.12181473,27.24032211,28.3473,27.1827,25.4452,25.6428,26.6545
25/01/2017 13:00,25.806316,26.23331642,26.06306648,26.90515518,26.22110939,26.35566187,26.8292,26.4937,24.5523,24.5285,25.600925
25/01/2017 14:00,25.357836,25.88348389,25.21177864,26.86909485,25.38260078,25.83673954,26.333,25.8639,23.6965,24.1901,25.020875
25/01/2017 15:00,25.092212,25.69643593,24.4145546,26.50847054,25.1344223,25.43847084,25.8943,25.8236,23.0221,23.8281,24.642025
25/01/2017 16:00,25.384143,26.84296799,26.01729393,27.70896149,26.75355148,26.83069372,27.5024,27.6188,23.8994,24.7908,25.95285
25/01/2017 17:00,34.480975,31.83588791,32.15367508,35.12927246,32.36589813,32.8711834,36.9799,37.0937,33.1868,34.0701,35.332625
25/01/2017 18:00,35.080423,32.13754272,32.51270676,33.60879517,31.73578072,32.49870634,35.0864,35.4997,32.8849,33.0645,34.133875
25/01/2017 19:00,30.346455,30.91846275,30.86601639,32.18715668,30.39967918,31.09282875,33.1988,32.6196,30.3495,30.9921,31.79
25/01/2017 20:00,28.136342,29.12284279,29.3055191,30.70756149,29.23447609,29.59259987,30.8501,30.1865,27.1463,27.4198,28.900675
25/01/2017 21:00,25.565418,26.57420921,26.68819809,27.46561432,26.94422722,26.91806221,27.8376,25.9972,26.1292,25.6728,26.4092
25/01/2017 22:00,23.923079,24.35376167,24.11079788,24.63822556,24.06601906,24.29220104,25.0461,24.4292,23.6834,23.5132,24.167975
25/01/2017 23:00,21.618737,22.50956345,22.184021,22.81558418,22.108881,22.40451241,23.1534,21.5051,22.278,22.2147,22.2878
26/01/2017 00:00,20.744623,22.13071823,21.56110764,21.09599495,20.66518593,21.36325169,22.0235,21.1069,20.5578,20.5939,21.070525
26/01/2017 01:00,20.671114,21.02877998,20.30604553,19.99978256,20.10401535,20.35965586,21.4634,20.8412,19.7577,19.9625,20.5062
26/01/2017 02:00,20.153955,20.14166832,19.27544022,18.95465088,19.34040642,19.42804146,20.7646,20.4784,19.2642,19.482,19.9973
26/01/2017 03:00,20.300571,19.9042244,18.53212547,18.80447006,19.15121651,19.09800911,20.5515,20.2568,19.0132,19.2575,19.76975
26/01/2017 04:00,20.594985,20.37714958,18.69430351,19.6176548,20.40295601,19.77301598,20.8078,20.7034,19.8581,20.0055,20.3437
26/01/2017 05:00,22.319039,22.43026733,21.1809845,21.87499237,23.05361176,22.13496399,21.4581,21.7084,21.6477,21.9884,21.70065
26/01/2017 06:00,26.853032,27.81894684,28.1678791,27.21677399,29.71419525,28.2294488,28.606,29.2875,29.7086,29.851,29.363275
26/01/2017 07:00,28.537225,30.47364426,31.61324692,29.72918701,31.53720474,30.83832073,31.7558,32.7943,32.1851,32.9411,32.419075
26/01/2017 08:00,27.882831,30.35930061,30.24739265,28.6852684,30.8901844,30.04553652,30.9102,30.0991,31.1611,32.3396,31.1275
26/01/2017 09:00,27.570873,30.87716484,29.75566292,29.68864441,31.50330544,30.4561944,30.6477,30.2602,31.0985,31.8891,30.973875
26/01/2017 10:00,27.295164,31.55419922,30.0122242,29.19337845,31.5739975,30.58344984,30.6842,30.2307,31.4597,31.7832,31.03945
26/01/2017 11:00,27.054866,31.18051147,29.18209839,28.72384453,30.48272514,29.89229488,29.7879,29.0238,30.8629,31.0346,30.1773
26/01/2017 12:00,26.572932,30.45065308,28.20670891,27.85383224,28.96730614,28.86962509,27.9221,27.2898,28.9431,29.1671,28.330525
26/01/2017 13:00,26.293771,29.84911156,27.31860352,27.55415916,28.03796196,28.18995905,26.7812,26.5197,27.7252,28.0428,27.267225
26/01/2017 14:00,25.952812,29.35245895,26.61726189,26.60370827,27.60559464,27.54475594,26.1016,26.0627,26.8561,27.3275,26.586975
26/01/2017 15:00,25.666372,29.12828827,26.32541466,27.18189812,26.506567,27.28554201,26.0337,25.8021,27.116,27.237,26.5472
26/01/2017 16:00,26.131307,30.25420952,28.21687889,29.76144028,30.46952248,29.67551279,27.6981,27.2468,28.6124,29.0318,28.147275
26/01/2017 17:00,34.024675,35.77687836,37.06655502,41.14865875,39.23352432,38.30640411,37.6504,36.8956,38.9059,39.3174,38.192325
26/01/2017 18:00,34.059607,36.16160965,40.30712128,37.38904572,37.32662201,37.79609966,35.2943,34.9283,38.3962,38.9559,36.893675
26/01/2017 19:00,32.532418,35.46385193,34.98236465,33.91331482,33.56897354,34.48212624,33.9588,33.4068,35.8747,36.8332,35.018375
26/01/2017 20:00,32.35985,34.11701965,32.24723053,32.54964828,33.1429863,33.01422119,32.5864,31.9694,34.3195,34.9149,33.44755
26/01/2017 21:00,27.024776,30.92438126,29.06804657,29.20396996,30.02432442,29.80518055,29.7851,28.7912,30.1627,30.5398,29.8197
26/01/2017 22:00,25.084933,27.03344345,26.13813019,25.69320107,26.7610054,26.40644503,26.0611,24.7918,26.5028,26.8162,26.042975
26/01/2017 23:00,23.213711,24.580513,23.5372963,23.65336037,24.91953659,24.17267656,23.941,23.5673,24.116,24.5428,24.041775
